name,address,lat,lon,hours,source,state,phone,website,facility_type,osm_id
Jewish Family Service of Central NJ,"655 Westfield Avenue, Elizabeth, NJ 07208",40.664,-74.2107,Mon/Tue/Wed/Fri 10:30am-12:30pm & 1:30-3:30pm; closed Thu; (908) 352-8357,manual_directory,NJ,,,,
Cranford-Elmora Soup Kitchen,"402 Union Avenue, Elizabeth, NJ 07208",40.664,-74.2107,Call for hours; (908) 276-8440,manual_directory,NJ,,,,
Heard A.M.E. Church Food Store,"310 E 8th Avenue, Roselle, NJ 07203",40.6528,-74.2632,Saturdays except 1st Saturday of month; (908) 241-5588,manual_directory,NJ,,,,
Helping Hands at St. Joseph's,"160 East 3rd Avenue, Roselle, NJ 07203",40.6528,-74.2632,Call for hours; (908) 241-1250,manual_directory,NJ,,,,
Jefferson Park Ministries,"70 West Grand Street, Elizabeth, NJ 07201",40.666,-74.2115,Mon-Thu 9am-6pm; Fri 9am-2pm; (908) 469-9508,manual_directory,NJ,,,,
Liberty Baptist Church,"515-517 Court Street, Elizabeth, NJ 07206",40.6625,-74.2185,Call for hours; (908) 354-3362,manual_directory,NJ,,,,
Mount Teman A.M.E. Church,"160 Madison Avenue, Elizabeth, NJ 07201",40.66,-74.205,Mon-Fri 10am-4pm; (908) 351-2625,manual_directory,NJ,,,,
Rahway Food For Friends,"1221 New Brunswick Avenue, Rahway, NJ 07065",40.6082,-74.2776,Mon-Fri 9am-5pm; Sat 9am-3pm; (732) 381-7201,manual_directory,NJ,,,,
St. Joseph Social Service Center,"118 Division Street, Elizabeth, NJ 07201",40.6595,-74.214,Call for hours; (908) 352-2989,manual_directory,NJ,,,,
St. Teresa of Avila,"306 Morris Avenue, Summit, NJ 07901",40.7155,-74.3646,Call for hours; (908) 277-3700,manual_directory,NJ,,,,
Westfield Food Pantry at Holy Trinity,"315 First Street, Westfield, NJ 07090",40.6501,-74.3474,Call for hours; (908) 232-8137,manual_directory,NJ,,,,
Cranford Family Care,"61 Myrtle Street, Cranford, NJ 07016",40.6584,-74.3057,Mon-Fri 9am-4pm; (908) 276-3530,manual_directory,NJ,,,,
Elizabethport Presbyterian Center,"184 First Street, Elizabeth, NJ 07206",40.658,-74.198,Last week of month: Wed & Fri; (908) 351-4850,manual_directory,NJ,,,,
The Salvation Army - Plainfield Corps,"615 Watchung Avenue, Plainfield, NJ 07060",40.6337,-74.4079,Fri 9:30-11:30am & 1-3pm; (908) 756-2595,manual_directory,NJ,,,,
The Manna From Heaven Food Pantry (Calvary Baptist Church),"324 Monroe Ave, Plainfield, NJ 07060",40.6337,-74.4079,"3rd Fri & 3rd Sat, by appointment; (908) 273-4897",manual_directory,NJ,,,,
Faith Baptist Church Food Pantry,"Cranford, NJ 07016",40.6584,-74.3057,2nd & 4th Sat 12-3:30pm; (347) 526-9549,manual_directory,NJ,,,,
St Patrick's Church Food Pantry,"Elizabeth, NJ 07206",40.664,-74.2107,Call for hours; (908) 354-0023,manual_directory,NJ,,,,
Fanwood Presbyterian Church Food Pantry,"Fanwood, NJ 07023",40.6412,-74.3818,3rd Sat 9-11am; (908) 889-8891,manual_directory,NJ,,,,
Bianca F.L.O.W.E.R.S. Food Pantry (Boys and Girls Club),"Plainfield, NJ 07060",40.6337,-74.4079,2nd/3rd/4th Tue 10am-1pm; (908) 312-0696,manual_directory,NJ,,,,
St Mary Assumption of Parish,"Elizabeth, NJ 07202",40.664,-74.2107,Call for hours; (908) 352-5154,manual_directory,NJ,,,,
Golden Kitchen Food Pantry,"Vauxhall, NJ 07088",40.697,-74.2632,2nd Sat 9am-12pm; 4th Wed 11am-2:30pm; (908) 687-4008,manual_directory,NJ,,,,
El Centro Hispanoamericano Food Pantry,"Plainfield, NJ 07060",40.6337,-74.4079,Tue 10am; (908) 753-8730,manual_directory,NJ,,,,
Community FoodBank of NJ (Hillside warehouse),"Hillside, NJ 07205",40.6976,-74.2249,Call for hours; (908) 355-3663,manual_directory,NJ,,,,
Community FoodBank of San Benito,"1135 San Felipe Rd, Hollister, 95023-2800",36.8729716,-121.4000808,,osm,,,,food_bank,way/28239408
Food Bank of Alaska,,61.2230708,-149.8406655,,osm,,,https://foodbankofalaska.org/,food_bank,way/28581884
Utah Food Bank,"3150 South 900 West, South Salt Lake, UT, 84119",40.7047776,-111.9178043,,osm,UT,,https://www.utahfoodbank.org/,food_bank,way/41375738
Rhode Island Community Food Bank,"200 Niantic Avenue, Providence, RI, 02907",41.7968722,-71.4379124,,osm,RI,,,food_bank,way/43152523
Second Harvest Curtner Center,"750 Curtner Avenue, San Jose, CA, 95125",37.2916823,-121.8772065,,osm,CA,,,food_bank,way/43519110
St. Francis of Assisi Kitchen,"500 Penn Avenue, Scranton, PA",41.4131483,-75.6616863,,osm,PA,,,soup_kitchen,way/45126011
Food Bank of Central and Eastern North Carolina,"1924 Capital Boulevard, Raleigh, NC, 27604",35.8043953,-78.6152441,,osm,NC,+1-919-875-0707,https://foodbankcenc.org/,food_bank,way/47880410
Thornton United Methodist Church,"8970 Hoyt Drive, CO, 80229-7923",39.8597162,-104.9617624,,osm,CO,,,food_bank,way/48209267
Greenley Library,"Broadhollow Road, East Farmingdale, NY, 11735",40.7515261,-73.4295101,,osm,NY,,https://www.farmingdale.edu/library/index.shtml,food_bank,way/49332856
Our Daily Bread,"1730 Race Street, Cincinnati, OH, 45202",39.1152917,-84.5178843,,osm,OH,,,soup_kitchen,way/53260794
Capuchin Soup Kitchen,"Detroit, MI, 48207",42.350978,-83.0127394,,osm,MI,,,soup_kitchen,way/59153362
San Antonio Food Bank,"5200 Enrique M Barrera Parkway, San Antonio, TX, 78227",29.4174014,-98.5919162,,osm,TX,,https://safoodbank.org/,food_bank,way/80645213
joyce uptown foodshelf,"3041 Fremont Avenue South, Minneapolis, MN, 55407",44.9468465,-93.2955649,Mo 10:30-16:45; Tu 09:30-16:45; We 12:00-16:45; Th 11:00-18:45,osm,MN,+1-612-825-4431,https://www.joyceuptownfoodshelf.org,food_bank,way/89381994
Historic Wesley Center,"101 East Grant Street, Minneapolis, MN, 55403",44.9695564,-93.2760746,,osm,MN,,http://www.historicwesleycenter.org,soup_kitchen,way/92810581
Hopelink,"8990 154th Avenue Northeast, Redmond, 98052",47.6818419,-122.1342111,,osm,,+1-425-869-6000,https://www.hopelink.org/,food_bank,way/92974828
Food Pantry,1438,46.8965752,-96.7940381,,osm,,,,food_bank,way/96900785
San Francisco-Marin Food Bank,"900 Pennsylvania Avenue, San Francisco, 94107",37.7544381,-122.3935088,,osm,,+1-415-282-1900,https://www.sfmfoodbank.org/,food_bank,way/97638171
Hays County Food Bank,"220 Herndon Street, San Marcos, 78666",29.8782861,-97.9446357,,osm,,,https://haysfoodbank.org/,food_bank,way/100014314
Southwest Ozanam Center,"2145 Broadview Road, 44109",41.4377401,-81.6993832,,osm,,,,food_bank,way/100764383
Interfaith Food Ministry,440 Henderson Street,39.2142248,-121.0576128,,osm,,+1-530-273-8132,https://www.interfaithfoodministry.org/,food_bank,way/116944161
Open Arms of Minnesota,"2500 Bloomington Avenue, Minneapolis, MN, 55404",44.9570892,-93.2527385,,osm,MN,+1-612-872-1152,https://www.openarmsmn.org,food_bank,way/119610710
Wichita Center for Family & Community,"6031 Southeast King Road, Milwaukie, OR",45.4489113,-122.6014694,,osm,OR,+1 503 353 6091,https://www.nclack.k12.or.us/wichita,food_bank,way/131528299
Good Neighbor House,"627 East 1st Street, Dayton, OH, 45402",39.7646874,-84.1812776,,osm,OH,,https://goodneighborhouse.org/,food_bank,way/132755945
The Food Bank Market,"705 Business Loop 70 West, Columbia, MO, 65203",38.9672744,-92.3479912,,osm,MO,,,food_bank,way/134598531
Keystone Community Food Center,"1800 University Avenue, Saint Paul, MN, 55104",44.9553734,-93.1763376,"Mo,Tu,Th,Fr 10:00-12:00,14:00-16:00; We 16:00-19:00",osm,MN,+1 651-917-3792,https://keystoneservices.org/food-shelf,food_bank,way/134955585
Grace Community Food Pantry,,29.4988795,-81.2694489,,osm,,,,food_bank,way/135762544
Be Concerned Food Bank,,39.0756115,-84.5232957,,osm,,,,food_bank,way/141726311
Saint Patrick's Food Pantry,,42.731982,-71.3206126,,osm,,,,food_bank,way/148285085
Northampton Survival Center,265 Prospect Street,42.3298013,-72.6424267,,osm,,,,food_bank,way/150111758
Bread of Life,"720 Randall Street, Greensburg, IN, 47240",39.3346877,-85.4738197,,osm,IN,,,food_bank,way/159613204
Salvation Army,,38.0536597,-84.5057561,,osm,,,,food_bank,way/161732736
University of Oklahoma Food Pantry,"331 Cate Center Drive, 73019",35.2030824,-97.4462659,,osm,,,,food_bank,way/162151794
Food Link,108 Summer Street,42.4192777,-71.1589774,,osm,,,,food_bank,way/170278739
Food Bank For Larimer County,"1301 Blue Spruce Drive, Fort Collins, CO, 80524",40.6046806,-105.072557,"Tu, Th-Sa 10:00-15:00; We 12:00-15:00",osm,CO,+1-970-493-4477,https://foodbanklarimer.org/mobile-markets-map/,food_bank,way/172542549
Nashua Soup Kitchen & Shelter,"42 Chestnut Street, Nashua, 03060",42.758364,-71.4682684,,osm,,,https://nsks.org/,food_bank,way/180192779
Dorothy Day Food Pantry,,46.8740712,-96.7590242,,osm,,,,food_bank,way/191737068
Brown Bag Food Project,"530 Sand Ridge Road, Bowling Green, OH, 43402",41.3668974,-83.6566686,,osm,OH,+1-419-960-5345,,food_bank,way/192364230
Tombstone Community Foodbank,"15 North San Diego Street, Tombstone, AZ, 85638",31.7095806,-110.0545364,,osm,AZ,+1-520-457-3698,https://cityoftombstoneaz.gov/community-food-bank/,food_bank,way/192627706
Thurston County Food Bank,,47.0478127,-122.9000113,,osm,,,,food_bank,way/200527886
Chittenden Emergency Food Shelf,"228 North Winooski Avenue, Burlington, VT",44.4862598,-73.2093159,,osm,VT,,,food_bank,way/201651282
CORE Food Pantry,"68 West Hollis Street, Nashua, 03060",42.7561972,-71.4698421,Th 09:30-11:30,osm,,,https://www.nfbconline.org/,food_bank,way/203920641
New Hampshire Food Bank,"700 East Industrial Park Drive, Manchester, 03109",42.9795881,-71.4095641,,osm,,,https://www.nhfoodbank.org/,food_bank,way/207690519
Nourishing Hope,"3945 North Sheridan Road, Chicago, IL, 60613",41.9539963,-87.6541094,,osm,IL,,,food_bank,way/210330504
St Joseph Food Pantry,350 North Street,42.4536857,-73.2514764,,osm,,,,food_bank,way/215698150
The People First Food Pantry,19 Douglas Street,42.0769546,-71.6313926,,osm,,,,food_bank,way/216391998
Amherst Survival Center,"138 Sunderland Road, Amherst, MA, 01002",42.4146951,-72.532882,"Mo,Tu,Th,Fr 11:00-15:00; Th 11:00-19:00; We off; Sa[3] 09:30-11:30",osm,MA,,https://amherstsurvival.org/,food_bank,way/217245651
Rosemary Rebecca Lodge;Comforts Food Pantry,"405 Main Street, Minong, 54859",46.1011043,-91.8197197,"Th[1] 15:30-18:00; We[2] 09:30-12:00; Fr[3] 09:30-12:00,14:30-17:30",osm,,,https://www.fmpfoodbank.org/get_help.phtml/washburn_county/,food_bank,way/217379024
just food,,38.9649028,-95.223085,,osm,,,,food_bank,way/219358803
Trinity Interfaith Food Pantry,"1011 Vermont Street, Lawrence, KS, 66044",38.9646485,-95.2373898,Tu 13:00-15:00; Sa 10:00-12:00,osm,KS,,,food_bank,way/219401780
Hope For Hunger,"5404 West Luke Avenue, Glendale, AZ, 85301",33.518983,-112.177148,,osm,AZ,,,food_bank,way/220972301
Second Harvest Cypress Center,"4001 North 1st Street, San Jose, CA, 95134",37.4132539,-121.9526554,Mo-Fr 08:00-17:00,osm,CA,+1-408-266-8866,https://www.shfb.org/,food_bank,way/224128792
Western Upper Peninsula Food Bank,,47.1128157,-88.5698864,,osm,,,,food_bank,way/224163831
Jefferson County Community Ministries,"238 West Washington Street, Charles Town, WV, 25414",39.2885077,-77.86235,,osm,WV,,,food_bank,way/233813938
Second Helpings,"1121 Southeastern Avenue, Indianapolis, IN, 46202",39.7656948,-86.1390819,,osm,IN,,,food_bank,way/234920836
ACRS Food Bank,"919 South King Street, Seattle, WA, 98104",47.5982124,-122.3202005,,osm,WA,,,food_bank,way/235387638
Museum of Boulder at Tebo Center,"2205 Broadway, Boulder, CO, 80302",40.0201046,-105.281171,,osm,CO,,https://museumofboulder.org/,food_bank,way/242114182
Sarge's Burger Bunker,,48.7083789,-119.4372033,,osm,,,,food_bank,way/242810433
Food Bank @ St. Mary's,,47.596896,-122.306714,,osm,,,,food_bank,way/245560784
Lion's Pantry,"133 Bluebell Road, University Park, PA, 16802",40.8105108,-77.8669887,Mo-Tu 13:00-18:00; We 12:00-18:00; Th 13:00-17:00,osm,PA,,https://thelionspantry.psu.edu/,food_bank,way/249794102
Rochester Food Bank,"18216 Corvallis Street Southwest, Rochester, WA, 98579",46.822471,-123.0937578,,osm,WA,,,food_bank,way/256109271
Salem Lutheran Church,"1145 Dekalb Avenue, Sycamore, 60178",41.9830369,-88.7036832,"Tu, We, Th 09:00-11:45",osm,,+1 815-895-9171,https://www.slcsycamore.org/,food_bank,way/259998191
Montgomery Food Pantry,"2200 State Route 208, Montgomery, NY, 12549",41.5233994,-74.2008191,,osm,NY,,,food_bank,way/261018595
Goodwill Church Food Pantry,"2135 State Route 208, Montgomery, NY, 12549",41.5191629,-74.206203,,osm,NY,,,food_bank,way/261022979
The Friendly Kitchen,,43.2137041,-71.5379378,,osm,,,,food_bank,way/261159198
Our Daily Bread,,36.1085977,-97.0492675,,osm,,,,food_bank,way/264037276
Ocean Shores Food Bank,,47.0151478,-124.1653968,,osm,,,,food_bank,way/264827028
Kelly Center for Hunger Relief,,31.7663738,-106.4889527,,osm,,,,food_bank,way/265457991
NY Common Pantry,"8 East 109th Street, 10029",40.795785,-73.9492267,We-Sa 11:00-14:30,osm,,+1 917-720-9700,https://nycommonpantry.org,food_bank,way/271279157
Southwest Emergency Services (SWES),"1201 Maple Avenue, Halethorpe, MD, 21227",39.2527603,-76.7007945,"Mo,We,Fr 09:00-11:30; PH off",osm,MD,,https://sweshelps.org,food_bank,way/278229181
I. T. Bookman Community Center,446 Randolph Street,37.7144856,-122.4668908,Mo-Fr 09:00-17:00; Sa-Su off,osm,,,https://swccsf.org/i-t-bookman-center,soup_kitchen,way/283204706
Community Food Bank of Grand Junction,"476 28 1/2 Road, Grand Junction, CO, 81501",39.0741129,-108.5240296,"Mo-Fr 09:00-12:00 ""phone"" || Mo,Tu,Th 12:30-17:30 ""pantry""; Tu[2], PH off || ""service by appointment""",osm,CO,+1-970-640-0336,https://www.foodbankgj.org/,food_bank,way/286065330
New Bethany Choice Food Pantry,"380 Shawnee Street, Bethlehem, PA, 18015",40.6106168,-75.3835094,,osm,PA,,,food_bank,way/289909675
Gleaners Community Food Bank,"2131 Beaufait Street, Detroit, MI, 48207",42.3542209,-83.0141996,,osm,MI,,,food_bank,way/292133316
Hunger Fighters Food Pantry,"4 Monroe Parkway, Lake Oswego, OR, 97035",45.4320869,-122.7033948,Mo 16:00-18:00; We 17:00-19:00; Fr 10:00-13:00,osm,OR,,https://www.hungerfightersoregon.org/,food_bank,way/294115235
Bread for the City,"1700 Good Hope Road Southeast, Washington, DC, 20020-4706",38.8662243,-76.9811022,Mo-Th 09:00-17:00; Fr 09:00-12:00,osm,DC,+1-202-561-8587,https://breadforthecity.org/,food_bank,way/295092024
Philabundance,"302 West Berks Street, Philadelphia, PA, 19122",39.9785278,-75.1407416,,osm,PA,+1 215-339-0900,https://www.philabundance.org/,food_bank,way/298694218
Superstition Community Food Bank,"575 North Idaho Road, Apache Junction, AZ, 85119",33.4214647,-111.5441879,,osm,AZ,+1 480 983 2995,https://superstitionfoodbank.org/,food_bank,way/300842254
Care Closet,206 East Liberty Street,42.7775793,-89.298449,Th 11:00-17:00; Sa 09:00-12:00,osm,,+16088824532,,food_bank,way/301180821
Feeding South Dakota,"1111 North Creek Drive, Rapid City, 57703",44.0963523,-103.1785947,,osm,,,,food_bank,way/301712661
Community Action,,41.7191133,-73.965356,,osm,,,,food_bank,way/304982176
Granite Falls Food Bank,"307 N Alder Ave, WA, 98252",48.0858082,-121.963513,,osm,WA,,,food_bank,way/310341349
Athens Area Emergency Food Bank,,33.9688272,-83.386343,,osm,,,,food_bank,way/310894564
Food Bank of the Golden Crescent,"Victoria, TX",28.7873307,-96.9904659,,osm,TX,,,food_bank,way/313612384
Neighborhood House Food Pantry,"3445 Southwest Moss Street, Portland, OR, 97219",45.4676946,-122.7124717,,osm,OR,+1-503-246-1663,https://nhpdx.org/,food_bank,way/313762484
House of Charity Food Centre,"714 Park Avenue, Minneapolis, MN",44.9726648,-93.2634946,,osm,MN,,https://www.houseofcharity.org/,food_bank,way/316003610
Corning Community Food Pantry,"39 West William Street, Corning, NY, 14830",42.1504678,-77.0623676,,osm,NY,+1-607-962-6750,,food_bank,way/316246329
McMerty Food Pantry,630,46.882799,-96.7890239,,osm,,,,food_bank,way/316313111
First Baptist Church Food Pantry,"125 East Church Street, Grand Prairie, TX, 75050",32.7466785,-97.0027182,"Mo 10:00-14:00 open ""New applications/renewals only"" || Tu,Th 08:00-12:00 ""Collection hours""",osm,TX,,,food_bank,way/318033637
Teri Able Community Kitchen,"402 South Alameda Street, Carlsbad, NM, 88220",32.4165604,-104.2313053,Mo-Fr 11:00-12:00,osm,NM,,,soup_kitchen,way/318619010
The BRICK Ministries,"420 Ellis Avenue, Ashland, WI, 54806",46.5894086,-90.880742,,osm,WI,,http://thebrickministries.com/,food_bank,way/326637448
Northern Illinois Food Bank - Northwest Center,"765 Research Parkway, Rockford, IL, 61109",42.2168913,-89.0854949,We 13:00-15:00; Th-Fr 01:00-19:00; PH closed,osm,IL,+1 815-639-1257,http://www.solehungartoday.org,food_bank,way/328903745
United Food Bank,"358 East Javelina Avenue, Mesa, AZ, 85210",33.3808887,-111.8253096,,osm,AZ,,,food_bank,way/330467497
Franciscan Kitchen,"748 South Preston Street, Louisville, KY",38.2432484,-85.7482595,,osm,KY,,https://franciscankitchen.org/,soup_kitchen,way/334050954
The First African Baptist Church,"1608 Christian Street, Philadelphia, 19146",39.9402063,-75.169821,Sa 10:00-12:00,osm,,+1 215 735 1050,,soup_kitchen,way/334264468
Mt. Zion Pentecostal Church - Point Breeze,"1224 Point Breeze Avenue, Philadelphia, PA, 19146",39.9364868,-75.1778902,Sa 11:00-14:00,osm,PA,,,food_bank,way/334890700
Bryant Baptist Church,"1144 South 19th Street, Philadelphia, PA, 19146",39.9373941,-75.1752647,,osm,PA,+1 215-732-4140,,food_bank,way/334903479
The Lord's Kitchen,"2732 South 5th Street, Louisville, KY, 40208",38.209367,-85.7668231,,osm,KY,,,soup_kitchen,way/335692676
Hissom Food Pantry,,38.3601781,-81.627031,,osm,,,,food_bank,way/336178452
Grace Evangelical Lutheran Church Food Bank,"3529 Haverford Avenue, Philadelphia, PA, 19104",39.9641425,-75.1943447,We 10:00-13:30,osm,PA,+1-215-222-3570,https://www.gracelutheranphila.com/,food_bank,way/337844893
FoCo Cafe - Free Meals for All,"225 Maple Street, Fort Collins, CO, 80521",40.5906111,-105.0798876,Mo-Sa 11:00-14:00,osm,CO,+1-309-368-1659,http://fococafe.org/,soup_kitchen,way/350094199
Helping Hand Rescue Mission,"610 North 6th Street, Philadelphia, PA, 19123",39.9628007,-75.1484708,Su 12:30+,osm,PA,+1 215-627-1656,,food_bank,way/351403997
Second Pilgrim Baptist Church,"854 North 15th Street, Philadelphia, PA, 19130",39.9699972,-75.1618128,Th 17:00-18:00,osm,PA,+1 215-879-3417,,food_bank,way/351503604
Maplewood Center,,42.7084541,-84.548589,,osm,,,http://lcrm.org/,food_bank,node/353949555
White Center Food Bank,"10016 16th Avenue Southwest, Seattle, WA, 98146",47.5131747,-122.3548478,Mo 12:00-16:00; We-Fr 10:00-14:00,osm,WA,+12067622848,,food_bank,way/354206551
Dallas Post Office,,41.2337284,-93.240666,,osm,,,,food_bank,node/354370551
Bread of Life Ministries Food Pantry,1001 East McDonald Street,32.6673551,-95.4749675,"Tu[1,3] 13:00-16:00",osm,,+1 903-405-0064,https://fbcmineola.org/missions/bread-of-life-food-pantry,food_bank,node/356708585
Red Cliff Food Shelf,,46.8513614,-90.790668,,osm,,,,food_bank,way/356858504
Community Kitchen and Pantry,"252 West 116th Street, New York, NY, 10026",40.804032,-73.9549316,,osm,NY,,https://www.foodbanknyc.org/community-kitchen/,food_bank,node/357622057
Abundant Harvest,,38.4108947,-96.1630356,,osm,,,,food_bank,node/358631453
Beyond Blessed Pantry,"Lake Street, Baraboo, 53913",43.4544409,-89.730976,,osm,,,https://www.bbpantry.org,food_bank,way/366851112
Canaan Baptist Church Coalition for the Homeless,DC,38.9328594,-77.0368238,,osm,DC,,,food_bank,node/367141197
Bread for the City,"1525 7th Street Northwest, Washington, DC, 20001",38.9103,-77.0217,Mo-Th 09:00-17:00; Fr 09:00-12:00,osm,DC,+1-202-265-2400,https://breadforthecity.org/,food_bank,node/367141203
Hereford House,"7704 North Hereford Avenue, Portland, OR, 97203",45.5826905,-122.7216752,,osm,OR,+1-503-247-3511,https://www.herefordhousepdx.org/,food_bank,way/367175152
Luthern Center,PA,40.5089211,-75.7852945,,osm,PA,,,food_bank,node/367959695
Henniker Food Pantry,,43.1794251,-71.8231818,,osm,,,,food_bank,way/367979993
Mainspring,"3500 Northeast 82nd Avenue, Portland, OR, 97220",45.5482928,-122.578474,,osm,OR,,https://mainspringpdx.org/,food_bank,way/368229270
Portland Rescue Mission - Drive Away Hunger,"8301 Northeast Halsey Street, Portland, 97220",45.5338862,-122.5772361,,osm,,,,food_bank,way/368271828
Skagit Gleaners,"1021 Riverside Drive, Mount Vernon, 98273",48.4298314,-122.33635,"Mo,We 09:00-12:30; Tu,Th 15:00-18:30; Fr 09:00-12:45; Sa,Su 09:00-11:30",osm,,,https://www.skagitgleaners.org/,food_bank,way/368323386
Clark County Food Bank,"6502 Northeast 47th Avenue, Vancouver, WA, 98661",45.6696561,-122.6231466,"Mo-Fr 08:00-17:00 open ""office"" || Mo-Fr 07:00-16:00 open ""warehouse""",osm,WA,+1-360-693-0939,https://www.clarkcountyfoodbank.org/,food_bank,way/369614366
Preble Street Resource Center,"5 Portland Street, Portland, ME, 04101",43.6587608,-70.2619564,,osm,ME,+1-207-775-0026,https://www.preblestreet.org/,soup_kitchen,way/370490595
Share Iowa Inc,"1102 South 7th Street, Oskaloosa, IA, 52577",41.2858404,-92.6360902,,osm,IA,,,food_bank,way/370932557
North County Community Food Bank,"17 Northeast 3rd Avenue, Battle Ground, WA, 98604",45.7813874,-122.5340974,,osm,WA,,,food_bank,way/371448812
Tri-Community Food Bank,"108 Redwood Drive, Mammoth, AZ, 85618",32.7346916,-110.6492975,,osm,AZ,+1 520 487 2010,,food_bank,way/377342287
West Valley Community Services,"10104 Vista Drive, Cupertino, CA, 95014",37.3238757,-122.0273461,,osm,CA,,,food_bank,way/377390080
Food Distribution Center - Aca/cvoeo,"700 Exchange Street, Middlebury, VT, 05753",44.0288821,-73.1704167,,osm,VT,,,food_bank,way/378077298
CUMAC Food Bank,"223 Ellison Street, Paterson, NJ, 07505",40.9173767,-74.1676967,,osm,NJ,+1-973-742-5518,https://www.cumac.org/,food_bank,way/379442284
Hyde Park Baptist Church Food Pantry,3810 Speedway,30.3013255,-97.733369,,osm,,,,food_bank,way/381805534
Hanover Township Community Center,"7431 Astor Avenue, Hanover Park, IL, 60133",42.0081957,-88.1590224,,osm,IL,+1 630 540 9085,https://www.hanover-township.org/Home/Components/FacilityDirectory/FacilityDirectory/6/1393,food_bank,way/382364690
Maltby Food Bank,"21104 86th Avenue Southeast, WA",47.8061589,-122.1169458,,osm,WA,,https://www.maltbyfoodbank.org,food_bank,way/383495533
Salvation Army,"1550 West Branch Street, Arroyo Grande, CA, 93420",35.1309021,-120.6032029,,osm,CA,+1-805-481-0278,,food_bank,way/383664733
Food Bank of North Alabama,,34.7235922,-86.5965024,,osm,,,,food_bank,way/384817215
Salvation Army of Norman Food Distribution Center,"318 East Hayes Street, Norman, 73069",35.232178,-97.4418013,,osm,,,https://www.salvationarmyusa.org/usn/,food_bank,way/386420366
Virginia Peninsula Foodbank,"2401 Aluminum Avenue, Hampton, 23661",37.005552,-76.4039319,,osm,,,,food_bank,way/388498511
Community Cupboard of Lawrence Township,"7101 Pendleton Pike, Indianapolis, IN, 46226",39.8276959,-86.0441581,"We 10:00-16:00,18:00-20:00; Fr 10:00-16:00",osm,IN,+1-317-355-7395,,food_bank,way/389703151
Goffstown Networks Food Pantry,"7 North Mast Street, Goffstown, NH, 03045",43.0206005,-71.6010426,,osm,NH,,,food_bank,way/390292855
Hopelink,"14812 Main Street, Bellevue, WA, 98007",47.6102218,-122.1415825,,osm,WA,,,food_bank,way/392715218
SCICAP,"306 North Main Street, Leon, 50144",40.7415291,-93.7471251,,osm,,,,food_bank,way/394726061
New Covenant Center,"174 Richmond Hill Avenue, Stamford, CT, 06902",41.0476558,-73.5512382,,osm,CT,,,food_bank,way/398402649
Kansas Food Bank Cargill Cares Complex,,37.6855736,-97.3142691,,osm,,,,food_bank,way/398859705
Columbia Pacific Food Bank,"1421 Columbia Boulevard, Saint Helens, OR, 97051",45.8601084,-122.812111,Mo-Th 09:00-13:00,osm,OR,+1-503-397-9708,https://cpfoodbank.org/food-pantries/st-helens-area-food-pantry/,food_bank,way/399307568
Saint Cloud Community Pantry,"801 Missouri Avenue, Saint Cloud, FL, 34769",28.2494733,-81.2888249,,osm,FL,,,food_bank,way/399508634
Interfaith Food Pantry,,40.8311712,-74.4967373,,osm,,,,food_bank,way/400473806
God's Pantry Food Bank,"1685 Jaggie Fox Way, Lexington, KY",38.0853252,-84.5184499,,osm,KY,,,food_bank,way/403413841
Echols County Nutrition Center,,30.7060077,-83.0229369,,osm,,,,food_bank,way/403880773
Friends Neighborhood Guild,"701 North 8th Street, Philadelphia, PA, 19123",39.9645649,-75.1509618,Mo-Fr 08:30-16:30,osm,PA,+1 215-923-1544,,food_bank,way/404124335
Bethlehem Lutheran Church,"1915 North 1st Street, Dekalb, IL, 60115",41.9504256,-88.7470989,,osm,IL,+1 815 758 3203,https://bethlehemdekalb.org/,food_bank,way/406504021
Grace Place Campus Ministry,"401 Normal Road, DeKalb, 60115",41.9366225,-88.7661642,"Th[1,3] 17:30-19:30 ""Students Only""",osm,,+1 815 756 7770,http://www.graceplaceniu.com/,food_bank,way/406506854
St. Vincent DePaul Catholic Pantry,"302 Fisk Avenue, DeKalb, 60115",41.9334177,-88.7482134,Tu 15:00-18:00,osm,,,,food_bank,way/406507355
Foodbank of Southeastern Virginia and the Eastern Shore,"800 Tidewater Drive, Norfolk, VA, 23504",36.8520447,-76.2744762,,osm,VA,+1-757-627-6599;+1-877-486-4379,https://www.foodbankonline.org/,food_bank,way/407238415
Visions Community Outreach,"2300 Griffith Avenue, Los Angeles, CA, 90011",34.0222803,-118.2561788,"Sa[2,4] 10:00-12:00",osm,CA,+1-310-920-1026,,food_bank,way/407316795
Bethel Presbyterian Church,"1900 West York Street, Philadelphia, PA, 19132",39.9902871,-75.1638536,Th 12:00-14:00,osm,PA,,,food_bank,way/410146320
Congreso de Latinos Unidos,"216 West Somerset Street, Philadelphia, PA, 19133",39.9929068,-75.1354286,Mo-Fr 09:00-12:00,osm,PA,+1 215-763-8870,,food_bank,way/410149262
First Pentecostal Church,"1505 South 20th Street, Philadelphia, PA, 19146",39.9327394,-75.1774851,Sa 10:30-12:00,osm,PA,+1 215-468-1711,,food_bank,way/410149264
Footprints Food Pantry,"37 Old Post Road, Kittery, ME, 03904",43.0930584,-70.752641,,osm,ME,,,food_bank,way/413120634
Bath Area Food Bank,"807 Middle Street, Bath, ME, 04530",43.913461,-69.817645,,osm,ME,,,food_bank,way/413431919
St. John's Reformed Church,"46 Fairview Avenue, Jersey City, NJ, 07304",40.7227638,-74.070226,,osm,NJ,,,soup_kitchen,way/417749830
Let's Celebrate,"48 Fairview Avenue, Jersey City, NJ, 07304",40.722798,-74.0703767,,osm,NJ,,,soup_kitchen,way/417749855
St. Athanasius & St. Paul Church,"840 Echo Park Avenue, Los Angeles, 90026",34.0733571,-118.2591215,Fr 08:00-10:30,osm,,,,food_bank,way/419969539
Racine County Food Bank,"2000 De Koven Avenue, Racine, WI",42.7093493,-87.803825,,osm,WI,,,food_bank,way/420657094
Hope Food Pantry at the Meeting Place,"500 Centennial Boulevard, Voorhees, NJ, 08043",39.8570229,-74.9490694,,osm,NJ,,https://www.meethope.org/foodpantry,food_bank,way/420950460
CARES in Farmington Hills,,42.4495831,-83.3226739,,osm,,,,food_bank,way/429109915
Adams County Food Distribution,"7111 East 56th Avenue, Commerce City, CO, 80022",39.798933,-104.9054898,,osm,CO,+1-720-878-3563,,food_bank,way/432472360
Cleone's Closet,,47.6432729,-117.5923473,,osm,,,,food_bank,way/435619745
The Hope Chest,"250 Ferry Lane, Saint Ignace, MI, 49781",45.8558274,-84.7160213,Tu-Th 10:00-16:00,osm,MI,+1-906-643-7360,,food_bank,way/435722318
Brunswick Municiple Annex,,39.3109864,-77.6190229,,osm,,,,food_bank,way/435996944
Project Host,"525 South Academy Street, Greenville, SC, 29601",34.8458193,-82.4124425,,osm,SC,,https://www.projecthost.org/,food_bank,way/437473644
Saint Johns Food Share,"8100 North Lombard Street, Portland, OR, 97203",45.5892278,-122.7493415,"Mo,We 10:00-12:30, Fr 10:00-12:30,17:00-19:00",osm,OR,+1 503 2860750,https://stjohnsfoodshare.org,food_bank,way/437679847
Blaine Food Bank,500 C Street,48.999556,-122.7458697,,osm,,,,food_bank,way/438354535
Ocean Park Food Bank,"1401 Bay Avenue, Ocean Park, WA, 98640",46.4916855,-124.0486916,,osm,WA,+1-360-665-6567,,food_bank,way/438944636
The Food Group,"8501 54th Avenue North, New Hope, MN, 55428",45.049663,-93.3883419,,osm,MN,,,food_bank,way/448317406
Central Texas Food Bank,"6500 Metropolis Drive, Austin, TX, 78744",30.2037243,-97.7098682,,osm,TX,,,food_bank,way/455171105
Capital Area Food Bank,,38.947991,-76.9997701,,osm,,,https://www.capitalareafoodbank.org/,food_bank,way/455490666
Food Marketplace,"26 West Main Street, Waynesboro, 17268",39.7558466,-77.5785289,,osm,,,,food_bank,way/461764026
South Philadelphia HOMES Inc.,"1444 Point Breeze Avenue, Philadelphia, PA, 19146",39.9336397,-75.1806129,Tu 13:00-14:00; Th 13:00-14:00,osm,PA,+1 215-334-4430,,food_bank,way/462160850
Food Bank,,47.8520844,-122.5681435,,osm,,,,food_bank,way/462437950
South Plains Food Bank,"5605 Martin Luther King Jr. Boulevard, Lubbock, TX, 79404",33.5427927,-101.817344,,osm,TX,,,food_bank,way/467552374
Salvation Army,"2691 Larkspur Lane, redding, CA, 96002",40.5677311,-122.3552357,,osm,CA,,,food_bank,way/468705711
Emery County Food Bank,,39.2110646,-111.0203448,,osm,,,,food_bank,way/469619616
Arcata House Partnership The Annex,"501 9th Street, Arcata, CA, 95521",40.8683716,-124.0835584,Mo-Fr 09:00-16:30,osm,CA,+1-707-633-6236,https://www.arcatahouse.org/,food_bank,way/470781216
Carr P. Collins Center,"5320;5302 Harry Hines Boulevard, Dallas, TX, 75235",32.81365,-96.8379867,,osm,TX,,,food_bank,way/471538439
Lovepacs Denton,"719 Wainwright Street, Denton, TX, 76201",33.2075706,-97.1313498,,osm,TX,+19402225859,http://www.lovepacs.org/denton/,food_bank,way/473648706
Mercy House,3300 School Street,37.7926992,-122.2075574,"Mo,Tu,Th,Fr 12:00-16:00; We 13:00-15:00",osm,,,,food_bank,way/475789044
Blessings Soup Kitchen,"228 East Main Street, Ottumwa, IA, 52501",41.016369,-92.41095,,osm,IA,,,soup_kitchen,way/484651157
Bridge Lakepoint Waunona Neighborhood Center,,43.0480488,-89.3471392,Mo-Fr 09:00-17:00; PH off,osm,,,https://www.blwcenter.org/,food_bank,way/484828872
Santa Fe Food Depot,"1222 Siler Road, Santa Fe, NM, 87507",35.6588193,-105.9953916,,osm,NM,,,food_bank,way/486208263
Food Bank of Southern Iowa,"705 West Main Street, Ottumwa, IA, 52501",41.0241331,-92.420521,,osm,IA,,,food_bank,way/489484604
House of Hope,,37.2320682,-121.9643775,,osm,,,,food_bank,way/490986004
Orting Food Bank,"224 Washington Avenue South, Orting, WA, 98360",47.0965769,-122.2017729,,osm,WA,,,food_bank,way/496483332
Adventist Community Services,"2554 Patterson Road, Grand Junction, CO, 81505",39.0922633,-108.579287,"Tu 09:00-11:45,13:00-14:45",osm,CO,+1-970-242-2277,https://grandvalleyacs.org/,food_bank,way/497202447
Grand Valley Catholic Outreach,"245 South 1st Street, Grand Junction, CO, 81501",39.0656336,-108.5712884,,osm,CO,,,food_bank,way/497202485
Daily Manna Serving Center,,30.3227586,-81.6969792,,osm,,,https://dmservingcenter.org/,food_bank,way/497666441
Foodnet Meals on Wheels,"2422 North Triphammer Road, Ithaca, NY, 14850",42.4900578,-76.4902188,,osm,NY,+1-607-266-9553,https://foodnet.org/,food_bank,way/498128411
Spartanburg Soup Kitchen,"136 South Forest Street, Spartanburg, SC, 29306",34.9456135,-81.939897,,osm,SC,+18645850022,https://spartanburgsoupkitchen.org/,food_bank,way/498717712
Liberty House,"75 West Baker Street, Manchester, NH, 03103",42.9724925,-71.4649144,,osm,NH,+1-603-669-0761,https://libertyhousenh.org/,soup_kitchen,way/507708654
WIC Food Distribution Center,,31.5593768,-90.1180535,,osm,,,,food_bank,way/515346775
Community FoodBank of New Jersey,"6735 Black Horse Pike, Egg Harbor Twp, NJ, 08234",39.3991578,-74.5593851,,osm,NJ,+1-609-383-8843,https://www.cfbnj.org/,food_bank,way/515361320
Keene Community Kitchen,"37 Mechanic Street, Keene, NH, 03431",42.9367207,-72.2788175,,osm,NH,+1 603-352-3200,https://www.thecommunitykitchen.org/,food_bank,way/517126792
Christian Community Compassion Center,,37.7437146,-88.5418141,,osm,,,,food_bank,way/518533268
UCOM Emergency Service Center,,30.2921375,-81.6437689,,osm,,,https://ucomjax.org/home.html,food_bank,way/519082789
Caring Community Cupboard,"354 Main Street, Old Town, ME, 04468",44.9330306,-68.6446391,,osm,ME,+1 207-852-4487,,food_bank,way/524456247
Community Action Services and Food Bank,"815 South Freedom Boulevard, Provo, UT, 84601",40.2233825,-111.6617901,,osm,UT,,,food_bank,way/525282503
Centro de Apoyo Mutuo,"6XM7+4M3 C. Vizcarrondo, Caguas, PR, 00725",18.232959,-66.035492,"Mo-Fr 09:00-17:00, Sa 09:00-15:00",osm,PR,+17873297479,https://www.comedoressociales.org/,food_bank,way/527830205
Vashon Maury Community Food Bank,"10030 Southwest 210th Street, Vashon, WA, 98070",47.4184866,-122.463769,,osm,WA,,,food_bank,way/529250386
United Food Bank,"245 South Nina Drive, Mesa, AZ, 85210",33.4099228,-111.8501474,,osm,AZ,,,food_bank,way/532070348
EFAA Heyman Family Client Service Center,"4615 16th Street, Boulder, CO, 80304",40.0584997,-105.2777962,,osm,CO,+1-303-442-3042,https://www.efaa.org/,food_bank,way/532624438
Food Pantry,,44.294178,-105.5120907,,osm,,,,food_bank,way/534056835
Weld County Food Bank,"1108 H Street, Greeley, CO, 80631",40.4437132,-104.6987994,,osm,CO,+1-970-356-2199,https://weldfoodbank.org/,food_bank,way/539311669
The Joseph House Food Pantry & Clothing Closet,,31.8243244,-81.6412977,,osm,,,,food_bank,way/544213296
Faith Lutheran Church Food Pantry,,37.6993783,-122.0724281,,osm,,,https://flccv.org/?q=content/food-pantry,food_bank,way/544303071
"Mid-North Food Pantry, Inc.","3333 North Meridian Street, Indianapolis, IN, 46208",39.8164759,-86.1563367,,osm,IN,,,food_bank,way/544823273
MaineHealth Food Pantry Portland,"950 Congress Street, Portland, ME, 04102",43.653289,-70.279072,Th 10:00-15:00,osm,ME,,https://www.mainehealth.org/locations/mainehealth-food-pantry-portland,food_bank,way/544872101
Come-Unity Center,"4170 Ridge Road, Williamson, NY, 14589",43.2239752,-77.1825958,,osm,NY,,,food_bank,way/545101494
Sheffield Area Food Pantry,,41.702097,-79.0326104,,osm,,,,food_bank,way/545330464
Deliverance Evangelistic Church,"2001 West Lehigh Avenue, Philadelphia, PA, 19132",39.9960779,-75.1648055,"Tu,Th 14:00-17:00",osm,PA,+1 215-226-7600,,food_bank,way/545707008
Pound Food Bank,,37.1242337,-82.6042683,,osm,,,,food_bank,way/546881824
Harvest Hope Food Bank,"2220 Shop Road, Columbia, SC, 29201",33.9630398,-80.9897387,,osm,SC,+1-803-254-4432,https://www.harvesthope.org,food_bank,way/548419145
Food Bank- Santa Barbara,,34.4392676,-119.7774405,Mo-Fr 07:00-15:30,osm,,,,food_bank,way/549631177
Siletz Food Distribution Program,"815 Logsden Road, Siletz, OR, 97380",44.7187218,-123.9033022,"Mo-Fr 09:00-11:30,13:00-15:30; PH off",osm,OR,+1-541-444-8393,https://ctsi.nsn.us/usda-food-distribution/,food_bank,way/549829956
Chase,"801 Defiance Street, Wapakoneta, OH, 45895",40.5794411,-84.2034429,,osm,OH,,,food_bank,way/550116579
Agape Help House & Resale Shop,"120 Lamar Parkway, Pacific, MO, 63069",38.4823827,-90.7679093,,osm,MO,+1-636-271-5315,,food_bank,way/550885575
Thurmont Food Bank,MD,39.62109,-77.4122767,,osm,MD,,,food_bank,way/552274904
Flint Hills Breadbasket,"905 Yuma Street, Manhattan, KS, 66502",39.1744373,-96.5705116,,osm,KS,,https://www.flinthillsbreadbasket.org/,food_bank,way/553107199
Lord's Pantry of Downingtown,"141 East Lancaster Avenue, Downingtown, PA, 19335",40.0073694,-75.7015861,"Mo-Tu 10:00-12:30; Th 10:00-12:30,18:00-19:30",osm,PA,+1 610-873-1149,https://www.lordspantryofdowningtown.org/,food_bank,way/554091218
North Valley Food Bank,,48.3986811,-114.339199,,osm,,,,food_bank,way/554986805
Valley Resource Center,,40.529756,-112.2991641,,osm,,,,food_bank,way/556599334
Bremerton Foodline,"1600 12th Street, Bremerton, WA, 98337",47.5722455,-122.6402391,Mo-Fr 10:00-13:15,osm,WA,+1-360-479-6188,https://bremertonfoodline.org/,food_bank,way/556900984
Neighborhood Market and Resource Center,"1117 North Callow Avenue, Bremerton, WA, 98312",47.5718394,-122.6537199,,osm,WA,,https://www.svdpbremerton.com/assistanceoffice,food_bank,way/558068210
Greeneville-Greene County Community Ministry,"107 North Cutler Street, Greeneville, TN, 37743",36.1657884,-82.8350296,,osm,TN,,,food_bank,way/560126442
Cross-Lines Community Kitchen,,39.0862609,-94.6263059,,osm,,,,soup_kitchen,way/561097128
Vermont Foodbank Regional Distribution Center,"92 Park Street, Rutland, VT",43.5927362,-72.9783611,,osm,VT,,https://www.vtfoodbank.org/,food_bank,way/570088769
Faith Food Fridays,"826 Solano Avenue, Vallejo, CA, 94590",38.0976419,-122.2461396,,osm,CA,+1-510-978-2396,https://faithfoodfridays.com/,food_bank,way/571833221
Big Water Care & Share,,37.0804937,-111.6641174,,osm,,,,food_bank,way/574637293
Guild of St. Margaret,,41.4467543,-74.4202074,Mo-Sa 11:00-12:00; Su 15:00-16:00,osm,,+1-845-344-0569,https://www.stmargaretsoupkitchen.com/,soup_kitchen,way/578248186
Bread for Life,,38.9783721,-90.9702243,,osm,,,,food_bank,way/578313795
La Conner Sunrise Food Bank,"602 South Third Street, La Conner, 98257",48.3898671,-122.495913,,osm,,,https://www.laconnerfoodbank.com/,food_bank,way/582484252
Crossroads Westside Food Pantry,"1358 West Indiana Avenue, Salt Lake City, UT, 84104",40.7515624,-111.9298418,Mo-Fr 09:00-17:00,osm,UT,+1 801-935-4079,https://www.crossroadsurbancenter.org/westside.html,food_bank,way/585589793
Mid-South Food Bank,"3865 South Perkins Road, Memphis, TN, 38118",35.0435533,-89.910066,,osm,TN,,https://www.midsouthfoodbank.org/,food_bank,way/586633448
Capuchin Soup Kitchen,"4390 Conner Street, Detroit, MI, 48215",42.3866242,-82.9696641,,osm,MI,,https://www.cskdetroit.org/,soup_kitchen,way/587317655
Bickley New Beginning United Methodist Church,"6239 North 6th Street, Philadelphia, PA, 19138",40.0469794,-75.1298948,Mo-Th 12:00-15:00; Fr 12:00-21:00,osm,PA,+1 215-924-5898,,food_bank,way/588364055
The Saints Pantry Food Bank,,47.2119297,-123.1017281,,osm,,,,food_bank,way/591935678
Community Kitchen,,47.2125417,-123.101135,,osm,,,,food_bank,way/591983342
Our Daily Bread,"1180 Wayne Road, Savannah, TN, 38372",35.2262788,-88.2261927,,osm,TN,,,food_bank,way/594329543
Bastrop County Emergency Food Pantry,"806 Fayette Street, Bastrop, TX, 78602",30.1089271,-97.3131537,Mo-Fr 08:00-16:00,osm,TX,+1-512-303-0033,https://www.bastropfoodpantry.org,food_bank,way/594338580
Hildegarde’s Food Pantry,"231 East 100 South, Salt Lake City, UT, 84111",40.7674364,-111.8838507,"Tu,We,Fr 11:00-13:30; Th 17:00-18:30",osm,UT,+1 801-328-2303,https://stmarksutah.org/foodpantry,food_bank,way/595951867
Betty Lou's Food Pantry,"320 East Landis Street, Coopersburg, PA, 18036",40.5129298,-75.385971,,osm,PA,+16102822838,https://bettylouspantry.com/,food_bank,way/595972718
Missoula Food Bank & Community Center,"1720 Wyoming Street, Missoula, MT, 59801",46.8722269,-114.0229347,"Mo, Tu, Th 10:00-19:00; We, Fr 10:00-13:00",osm,MT,+1 406 549 0543,https://www.missoulafoodbank.org,food_bank,way/603932848
South Lansing Ministries,1905 West Mount Hope Avenue,42.7113688,-84.577985,"Mo,Th 10:00-14:00",osm,,+1 517-853-8073,https://www.southlansingministries.org/,food_bank,way/607788629
Accord,"71 Boss Street, Bolivar, NY, 14715",42.0670959,-78.169156,,osm,NY,,,food_bank,way/611739497
Concrete Food Bank,"45942 Main Street, Concrete, WA, 98237",48.5387159,-121.7457303,,osm,WA,,,food_bank,way/613081832
Echo Food Bank,,36.7258837,-108.20468,,osm,,,,food_bank,way/619600556
Longview Community Ministries,"506 North Second Street, Longview, TX, 75601",32.4978619,-94.73331,,osm,TX,,,food_bank,way/620530893
Lynchburg Daily Bread,"721 Clay Street, Lynchburg, VA, 24504",37.4141713,-79.1460163,,osm,VA,,https://www.lynchburgdailybread.com,soup_kitchen,way/627075492
Parker Task Force Food Bank,"19105 Longs Way, Parker, CO, 80134",39.5251346,-104.7676421,,osm,CO,,,food_bank,way/629871359
Soild Rock Food Closet,"Womble Street, Sparta, NC, 28675",36.5043621,-81.1241148,,osm,NC,+1-336-372-6560,,food_bank,way/635127041
Taylorsville Food Pantry,"4775 South Plymouth View Drive, Taylorsville, UT, 84123",40.6658983,-111.9358998,,osm,UT,,https://taylorsvillepantry.com/,food_bank,way/637568951
Medical Lake Food Bank,"207 South Washington Street, Medical Lake, WA, 99022",47.571587,-117.6794264,,osm,WA,,,food_bank,way/638838517
The Pantry,"345 South Main Street, Franklin, OH, 45005",39.5604627,-84.3041704,Mo-Fr 12:00-15:00; We 17:00-19:00,osm,OH,,,food_bank,way/643295234
God's Food Pantry,,37.0578979,-85.087948,,osm,,,,food_bank,way/644701070
Sharing & Caring,"208 Martin Luther King Jr Avenue, Crestview, FL",30.756007,-86.5703261,,osm,FL,,,food_bank,way/647882002
Manna Food Bank,"99 Broadpointe Drive, Mills River, NC, 28759",35.4173239,-82.5498597,,osm,NC,,https://mannafoodbank.org/,food_bank,way/648374727
St. Vincent de Paul Food and Clothing Bank,,46.1233773,-122.9400724,,osm,,,,food_bank,way/648536370
Bean's Cafe,,61.2197963,-149.8624253,,osm,,,,soup_kitchen,way/658557465
Life Message,"4501 Rowlett Road, Rowlett, TX, 75088",32.9016111,-96.5701647,,osm,TX,+1 972-475-9800,https://lifemessage.org/,food_bank,way/660750477
Feeding America Eastern Wisconsin Milwaukee Campus,"1700 West Fond du Lac Avenue, Milwaukee, WI, 53205",43.0573754,-87.9331272,,osm,WI,,https://feedingamericawi.org/,food_bank,way/662653935
Bemidji Community Food Shelf,,47.4479713,-94.8593657,,osm,,,,food_bank,way/665174530
South Burlington Food Shelf,"356 Dorset Street, South Burlington, VT",44.459385,-73.1794814,,osm,VT,,,food_bank,way/667347380
Heights Interfaith Ministries Food Pantry,"3523 Beauchamp Street, Houston, TX, 77009",29.7897123,-95.3745887,,osm,TX,,https://himfoodpantry.org,food_bank,way/671869917
Mandarin Food Bank,,30.1581355,-81.599238,,osm,,,,food_bank,way/675081891
Luke House,"310 South Ingersoll Street, Madison, WI, 53703",43.0822244,-89.3667358,,osm,WI,,,soup_kitchen,way/677658096
The Lord's Diner,,37.6942258,-97.3352449,,osm,,,,soup_kitchen,way/677960071
Gleaners Community Food Bank Taylor South Distribution Center,"21405 Trolley Industrial Drive, Taylor, MI, 48180",42.2613532,-83.2460497,,osm,MI,,,food_bank,way/678234558
Mercy Manna,"145 West Lynn Street, Slaton, TX, 79364",33.4389307,-101.6440195,,osm,TX,,,food_bank,way/679361408
The Lord's Pantry,"205 West Sycamore Street, Columbus Grove, OH, 45830",40.9200428,-84.0583035,,osm,OH,,,food_bank,way/679632882
Food bank of Eastern Michigan,,43.0087111,-83.6648578,,osm,,,,food_bank,way/683472587
Alamo Farmworkers Community Center Food Pantry,"890 Pulaski Highway, Goshen, NY, 10924",41.3404456,-74.3982965,Mo 10:00-18:00; Tu-We 10:00-20:00; Th 10:00-18:00; Fr 10:00-16:00; Su 12:00-16:00,osm,NY,+1-845-651-4272,,food_bank,way/685651666
Capitol City Freewill Baptist - Food Distribution Center,"6724 West 32nd Street, Little Rock, AR, 72204",34.7239287,-92.3507149,,osm,AR,,,food_bank,way/685687778
Idaho Falls Food Bank,"245 North Placer Avenue, Idaho Falls, ID, 83402",43.4894781,-112.0349926,"Mo 15:00-17:00, Tu-Fr 16:00-17:00, Tu[2] 13:00-14:00 ""low mobility hours"", PH off",osm,ID,+1 208-524-0994,https://www.communityfoodbasketidahofalls.org/,food_bank,way/687319548
Penfield Ecumenical Food Shelf,"1618 Jackson Road, Penfield, NY, 14526",43.1646282,-77.4493195,,osm,NY,,,food_bank,way/689811721
Onalaska Regional Food Bank,"735 Sand Lake Road, Onalaska, 54650",43.8931638,-91.2220035,,osm,,+1-608-783-7722,,food_bank,way/691286536
Denmark Community Cupboard,,44.3473114,-87.824832,,osm,,,https://www.denmarkcommunitycupboard.org,food_bank,way/692317480
Jamesville Food Pantry,"6486 East Seneca Turnpike, Jamesville, NY, 13078",42.9913414,-76.0721774,,osm,NY,,,food_bank,way/692647989
John Marshall Meal Site,"1500 Walter Street Southeast, Albuquerque, NM, 87102",35.0679165,-106.6414503,,osm,NM,,,food_bank,way/694168439
St Felix,"4020 Barbara Loop Southeast, Rio Rancho, NM, 87124",35.235892,-106.6556098,,osm,NM,,,food_bank,way/694178315
Table of Plenty,,44.8955377,-123.0489591,Th 16:30-19:00,osm,,,https://www.qpsalem.org/get-involved-articles/77-table-of-plenty,food_bank,way/699316512
Operation Hope,"12285 CR 512, Fellsmere, FL, 32948",27.7660153,-80.5778855,,osm,FL,+1-772-571-0003,https://operationhopefl.org/,food_bank,way/702087858
Jackson Food Shelf,,43.6235587,-95.0002894,,osm,,,,food_bank,way/703421356
Threesquare,,36.2368702,-115.0965364,,osm,,,,food_bank,way/704711919
Threesquare,,36.2360792,-115.0965738,,osm,,,,food_bank,way/704711920
North Texas Food Bank,"3677 Mapleshade Lane, Plano, TX",33.0040041,-96.7593007,,osm,TX,,,food_bank,way/705249280
Gleaner's Food Bank,,41.08959,-80.6536469,,osm,,,,food_bank,way/709355293
Agape Center,"7619 Timberlake Road, Lynchburg, VA, 24502",37.355468,-79.2229538,,osm,VA,,https://www.agapelyh.org/,food_bank,way/709687045
The Bread Connection,"408 West Henderson Street, Cleburne, TX",32.3470117,-97.3904772,,osm,TX,+1-469-456-1885,https://www.thebreadconnection.org,food_bank,way/712909431
The Bridge Benevolence Center,"401 East Henderson Street, Cleburne, TX, 76031",32.3485318,-97.3831905,,osm,TX,+1-817-641-3912,https://westhillchurch.net/ministries/the-bridge,food_bank,way/712913464
"The Corner Table, Inc.","122 North Main Street, Newton, NC, 28658",35.664325,-81.2222638,,osm,NC,,,soup_kitchen,way/719059464
Saint Anns Food Pantry,,37.2867168,-77.4103947,,osm,,,,food_bank,way/721215139
Johnson Food Shelf,"661 Railroad Street, Johnson, VT, 05656",44.6301859,-72.6918409,,osm,VT,,,food_bank,way/722370814
Downtown Soup Kitchen,,61.2192377,-149.8796418,,osm,,,,soup_kitchen,way/725994574
God's Food Pantry,,37.0915553,-84.6010065,,osm,,,,food_bank,way/728075118
Rainbow Room,"420 Athens Brick Road, Athens, TX, 75751",32.2078905,-95.8232645,,osm,TX,,,food_bank,way/734606304
Helping Hands of Kilgore,"201 South Martin Street, Kilgore, TX, 75662",32.3843681,-94.8752193,,osm,TX,+1-903-984-1796,https://helpinghandskilgore.com/,food_bank,way/734907803
Jewell Hodges Support Center,"1205 Pine Street, Bastrop, TX, 78602",30.1093279,-97.3133757,,osm,TX,,https://www.bastropfoodpantry.org,food_bank,way/740822170
Food for Lane County,"770 Bailey Hill Road, Eugene, OR, 97402",44.0512944,-123.1490412,Mo-Fr 08:00-17:00,osm,OR,+1 541-343-2822,https://foodforlanecounty.org/,food_bank,way/744813018
South Texas Food Bank,"2121 Jefferson Street, Laredo, TX, 78040",27.522755,-99.5164395,Mo-Fr 08:00-16:30,osm,TX,+1 9567263120,,food_bank,way/746711348
Main Street Mission,,35.2762879,-93.1177854,,osm,,,,soup_kitchen,way/747150312
Miami County Helping Hands,176 North Broadway,40.7568561,-86.0722197,"Mo,We,Fr 09:00-12:00",osm,,+1 765-472-1875,https://ahelpinghandnow.org/,food_bank,way/749084326
Monterey County Food Bank,"353 West Rossi Street, Salinas, CA, 93907",36.6842348,-121.6652993,,osm,CA,,,food_bank,way/752017671
Algonquin Lake In The Hills Interfaith Food Pantry,"1113 Pyott Road, Lake in the Hills, IL, 60156",42.1867836,-88.3075174,"Tu,Th,Sa[1],Sa[3] 09:30-11:30",osm,IL,+1-847-854-1904,https://www.alith-foodpantry.org/,food_bank,way/760686387
Feeding America,,44.2992566,-88.3483204,,osm,,,,food_bank,way/762218872
Community Food Closet of Douglas County,"1251 Waterloo Lane, Gardnerville, NV, 89410",38.9318793,-119.7473343,,osm,NV,,,food_bank,way/762549386
Family Pathways,,45.5721739,-93.2050912,,osm,,,,food_bank,way/769569567
Marion Polk Food Share,"1660 Salem Industrial Drive Northeast, Salem, OR",44.9721961,-123.0099344,,osm,OR,,https://www.marionpolkfoodshare.org/about/,food_bank,way/770726724
Akron Canton Regional Foodbank,,41.0724115,-81.5362688,,osm,,,,food_bank,way/771725766
St. Mary's Food Bank,"13050 Elm Street, Surprise, AZ, 85378",33.6371272,-112.3403091,Mo-Fr 09:00-17:00,osm,AZ,,https://www.firstfoodbank.org/,food_bank,way/775154856
Tri-Cities Food Bank,,46.2681371,-119.2856505,,osm,,,,food_bank,way/775342274
Milton Food Pantry,"36 Hilltop Drive, Milton, WI, 53563",42.7794807,-88.9523435,,osm,WI,,,food_bank,way/781470822
Breaking Bread for Jesus Inc,"108 Astor Street, Wellford, SC, 29385",34.954232,-82.1104059,,osm,SC,,https://www.breakingbreadforjesus.com/,food_bank,way/781894398
Bayside Baptist Food Pantry,"3009 Chesapeake Beach Road, Chesapeake Beach, MD, 20732",38.6981548,-76.5521254,Sa 09:30-11:00,osm,MD,+1 410 257 0712,,food_bank,way/783377865
Ashland Community Food Bank,"560 Clover Lane, Ashland, OR, 97520",42.1835911,-122.6630466,,osm,OR,,https://ashlandcfb.org/,food_bank,way/791454099
CrossRoads Mission,"1006 2nd Street Southwest, Cedar Rapids, IA, 52404",41.9673085,-91.6690659,,osm,IA,+1-319-365-0707,http://crmide.com,food_bank,way/792950295
LifeBridge,,38.4101215,-82.3399581,,osm,,,,food_bank,way/795369279
Westside Cares,"2808 West Colorado Avenue, Colorado Springs, CO, 80904",38.8503925,-104.8672737,,osm,CO,,,food_bank,way/799011170
Amazing Grace Food Pantry,,41.5685006,-72.6550314,,osm,,,,food_bank,way/802379923
Frostburg Area Interfaith Food Pantry,"West Main Street, Frostburg, MD",39.6580687,-78.9293305,,osm,MD,+13016871728,,food_bank,way/802712263
Emlen Arms,"6733 Emlen Street, Philadelphia, PA, 19119",40.0495646,-75.1897096,Mo 11:00-16:00; We 11:00-16:00; Fr 11:00-16:00,osm,PA,+1 215-684-8285,,food_bank,way/804438650
FDPIR Food Distribution Program,"362 NM 503, Nambe, NM, 87506",35.9112427,-105.9697893,,osm,NM,+1-505-455-2288,http://fooddistribution.snappages.com/,food_bank,way/808222682
Food Distribution Center - Fellowship Baptist Church,"3851 East New York Street, Indianapolis, IN, 46201",39.7718981,-86.1001385,,osm,IN,,,food_bank,way/809361071
Chugiak Eagle River Food Pantry,,61.3367355,-149.5647523,,osm,,,,food_bank,way/810896663
Bois Forte Food Distrobution Center,,48.1124932,-93.094623,,osm,,,,food_bank,way/812954253
Batavia Food Pantry,,41.8468351,-88.3091926,,osm,,,,food_bank,way/813339332
Reidsville Soup Kitchen,"121 Arlington Street, Reidsville, NC, 27320",36.363148,-79.6666646,,osm,NC,,,soup_kitchen,way/813650038
Weld Food Bank Distribution Site,"220 Denver Avenue, Fort Lupton, CO, 80621",40.0820025,-104.81012,,osm,CO,,,food_bank,way/814440115
Fort Lupton Food and Clothing Bank,"421 Denver Avenue, Fort Lupton, CO, 80621",40.0838692,-104.8107966,,osm,CO,,,food_bank,way/814458765
Butler Community Food Pantry,,38.2589475,-94.3458058,,osm,,,,food_bank,way/815893171
Midwest Food Bank,"725 East Baseline Road, Gilbert, AZ, 85233",33.3782507,-111.8173789,,osm,AZ,,,food_bank,way/819579206
Food Bank of the Rio Grande Valley,"724 North Cage Boulevard, Pharr, TX, 78577",26.2014285,-98.181863,"Mo-Fr 08:30-11:30,13:30-17:30",osm,TX,+1-956-682-8101,,food_bank,way/822876009
The Salvation Army,"2211 South Hastings Way, Eau Claire, WI, 54701",44.7966738,-91.46249,,osm,WI,,,food_bank,way/829561947
Sister Helen's Food Pantry,"14 Ann Street, Lockport, NY, 14094",43.1737332,-78.6842899,,osm,NY,,,food_bank,way/830866817
Vermont Food Collaborative,"16 Campground Road, New Haven, VT, 05472",44.0868415,-73.1761281,We-Sa 10:00-17:00,osm,VT,,,food_bank,way/835530917
CommUnity Crisis Services and Food Bank,"1121 South Gilbert Court, Iowa City, IA, 52240",41.6479626,-91.5303075,"unknown || ""varies by day, usually 12:00-16:30""",osm,IA,+1-319-351-0128,https://www.jccrisiscenter.org/,food_bank,way/836223909
Verona United Methodist Church Food Pantry,"16 Neighbor Street, Verona, VA, 24482",38.2017498,-79.0101009,,osm,VA,,,food_bank,way/836329501
Food Distribution Center - Ticonderoga Food Pantry - First United Methodist Church,"1045 Wicker Street, Ticonderoga, NY, 12883",43.8510793,-73.4380561,,osm,NY,,,food_bank,way/836470133
St Leo Food Connection,"1323 South Yakima Avenue, Tacoma, WA, 98405",47.2497242,-122.4463104,,osm,WA,+1-253-383-5048,https://www.foodconnection.org/,food_bank,way/836918128
Little Food Pantry,"1695 Elkay Drive, Eugene, OR, 97404",44.0771576,-123.1371062,,osm,OR,,,food_bank,way/840357461
Jamil Niner Student Pantry,,35.3099508,-80.7239962,,osm,,,,food_bank,way/848165475
East Mesa Food Bank,,33.4013364,-111.633273,,osm,,,,food_bank,way/851183695
Maquoketa Community Cupboard,"902 West Platt Street, Maquoketa, IA, 52060",42.0692624,-90.6766956,,osm,IA,,,food_bank,way/854955195
Bread of the Mighty,"325 Northwest 10th Avenue, Gainesville, FL, 32601",29.6607138,-82.3285108,Mo-Fr 08:00-16:00,osm,FL,,,food_bank,way/859054351
Sonoma Family Meal Unity Kitchen,"17400 Sonoma Highway, Sonoma, CA, 95476",38.3194845,-122.4860795,08:00-21:00,osm,CA,+1-707-935-7450,,food_bank,way/859096191
Society of St Vincent de Paul - Food Distribution Center,"49 West Broadway Road, Mesa, AZ, 85210",33.4074533,-111.8336038,,osm,AZ,,,food_bank,way/859855103
Interfaith Assistance Ministry,,35.3362782,-82.4435594,,osm,,,,food_bank,way/863436269
Salaam Food Pantry,4080 Bay Street,37.5327255,-121.9610371,"""by appointment""",osm,,,,food_bank,way/863468673
North County Food Pantry,,48.0191124,-117.2954615,,osm,,,,food_bank,way/863646030
Rutland Community Cupboard,"65 River Street, Rutland, VT",43.6027866,-72.9785664,,osm,VT,,https://www.rutlandcommunitycupboard.org/,food_bank,way/865353372
All Faiths Food Bank,"8171 Blaikie Court, Sarasota, FL, 34240",27.3472832,-82.4020286,,osm,FL,,,food_bank,way/869273661
Daily Bread,,44.1024617,-123.0578737,,osm,,,,food_bank,way/872071931
Lincoln County,,33.9407634,-91.8464491,,osm,,,,food_bank,way/873360797
St James Lutheran Food Pantry,"710 North 9th Street, Lafayette, IN, 47904",40.4239813,-86.887113,,osm,IN,,,food_bank,way/874914679
Chewelah Food Bank,,48.2759973,-117.7133083,,osm,,,,food_bank,way/881154131
Loon Lake Food Bank & Resource Center,,48.0603987,-117.6219241,,osm,,,,food_bank,way/881513240
Ladies of Charity Food Pantry,"8823 Dayton Avenue, North Beach, MD, 20714",38.7035764,-76.5344794,Tu 12:00-14:00,osm,MD,+1 410 286 7086,https://stanthonycal.us/ladies-of-charity,food_bank,way/881679497
Life Spring Church Food Distribution,"210 North Webster Street, Spring Hill, KS, 66083",38.7453974,-94.8252987,,osm,KS,,,food_bank,way/882184547
Enfield Loaves and Fishes,"28 Prospect Street, Enfield, CT, 06082",41.9970213,-72.6016008,,osm,CT,+1 860 741 0226,https://enfieldloavesandfishes.org,food_bank,way/883853268
NorthKey Community Care,,38.6774973,-84.3339857,,osm,,,,food_bank,way/884561556
Bigfork Food Shelf,,47.7440235,-93.6548535,,osm,,,,food_bank,way/887361610
Cameron Food Pantry,"302 North Walnut Street, Cameron, MO, 64429",39.7413648,-94.2354811,,osm,MO,,,food_bank,way/890917602
Good Neighbor Alliance,,31.559374,-110.2916601,,osm,,,,soup_kitchen,way/891104785
Tree of Life Food Pantry;Turn Style,"23 South Street, Blue Hill, ME, 04614",44.406088,-68.5959554,,osm,ME,,,food_bank,way/891293560
Food Distribution Center - Sims House,"1010 West Capitol Street, Jackson, MS, 39203",32.3065646,-90.199895,,osm,MS,,,food_bank,way/893397205
George Pheasant Memorial Building,,47.3108119,-119.5547294,,osm,,,,food_bank,way/895802683
Friends of Assisi Food Pantry,"77 Water Street, Danielson, CT, 06239",41.8029626,-71.8857833,,osm,CT,+1 860 774 2310,https://www.facebook.com/friendsofassisi,food_bank,way/898048943
Forgotten Harvest,"21800 Greenfield Road, Oak Park, MI, 48237",42.4544241,-83.1999218,,osm,MI,,,food_bank,way/899251175
Immaculate Conception Food Pantry,"708 Third Street, Traverse City, MI, 49684",44.765243,-85.6350809,,osm,MI,,,food_bank,way/900846459
Blessing Box,,37.1492901,-94.442337,,osm,,,,food_bank,way/902495188
Community Kitchen,,33.3865415,-104.5213815,Mo-Fr 10:45-14:00; Sa-Su 12:30-13:00,osm,,,,food_bank,way/903320117
Community Service Center of Northern Champaign County,"520 East Wabash Avenue, Rantoul, IL, 61866",40.3065269,-88.151082,Mo-Fr 08:30-16:30,osm,IL,+1 217-893-1530,https://cscrantoul.org/,food_bank,way/904639335
Quakertown Food Pantry,"101 North 3rd Street, Quakertown, PA, 18951",40.4430208,-75.3368436,,osm,PA,,,food_bank,way/904642000
Saint Rose of Lima Food Pantry,"3737 Brinkman Street, Houston, TX",29.8209601,-95.416522,"We,Sa 09:00-11:00",osm,TX,,,food_bank,way/910119445
Helping Hand Pantry,"344 Blue Hills Avenue, Hartford, CT, 06112",41.7944753,-72.6965995,,osm,CT,+1 860 243 9787,https://www.rehobothcog.org/serve/,food_bank,way/913375392
Northeast Iowa Food Bank,"1605 Lafayette Street, Waterloo, IA, 50703",42.493567,-92.3217753,,osm,IA,,,food_bank,way/915576778
SBCC Food Pantry,,34.4055484,-119.6961671,,osm,,,,food_bank,way/920684000
Kettle Falls Community Chest and Food Bank,"472 Meyers Street, Kettle Falls, WA",48.6092303,-118.0566194,,osm,WA,,,food_bank,way/922758175
Colville Food Bank,"210 South Wynne Street, Colville, WA",48.5431216,-117.9077846,,osm,WA,,,food_bank,way/923007899
New Hope Community Center,"6915 East University Drive, Mesa, AZ, 85205",33.4220055,-111.6821192,,osm,AZ,,,food_bank,way/923995509
Libby Food Pantry,,48.3909153,-115.5577426,,osm,,,,food_bank,way/928632634
South Plains Food Bank Farm,,33.5259419,-101.8382451,,osm,,,,food_bank,way/928714385
Nourish Food Bank,,35.9844591,-86.5251982,Mo-Fr 10:00-14:00,osm,,,,food_bank,way/928911472
Northwest Arkansas Food Bank,"1378 June Self Drive, Springdale, AR, 72764",36.2235511,-94.1150981,,osm,AR,,,food_bank,way/929745925
Food Distribution Center - The Refuge,,46.8180785,-95.8344507,,osm,,,,food_bank,way/933021493
Reservoir Food Pantry,"4073 Route 28, Boiceville, NY, 12412",42.0062378,-74.2670275,,osm,NY,,https://www.reservoirfoodpantry.org,food_bank,way/936834187
The Salvation Army,"6010 West Northern Avenue, Glendale, AZ, 85301",33.5535278,-112.1898111,,osm,AZ,,,food_bank,way/936941393
Maranatha Ministries Food Pantry,"195 West Loudon Street, Chambersburg, PA",39.9359581,-77.6652553,,osm,PA,,https://maranathaministryinc.com/,food_bank,way/937112277
Salvation Army,"2727 Northeast Central Avenue, Minneapolis, 55418",45.0179794,-93.2468883,,osm,,,https://www.salvationarmyusa.org/mn/minneapolis/central-ave-ne-corps,food_bank,way/937933230
South Beach Food Bank,,46.8889535,-124.1064292,,osm,,,,food_bank,way/944955804
East Texas Food Bank,"3019 South Lake Drive, Texarkana, TX, 75501",33.4007095,-94.0792906,,osm,TX,+1-903-270-0182,https://www.easttexasfoodbank.org/texarkana/,food_bank,way/946754529
Community Outreach Center,,43.4949232,-112.0333796,,osm,,,,food_bank,way/947526598
Food Distribution Center,"1319 Magnolia Street, Texarkana, TX, 75501",33.4340895,-94.0441596,,osm,TX,,,food_bank,way/949219178
Social Apostolate of Savannah,"502 East Liberty Street, Savannah, GA, 31401",32.0735843,-81.0879922,,osm,GA,+1 912-233-1877,https://socialapostolate.org/,soup_kitchen,way/949856236
Boulevard Place Food Pantry,"4202 Boulevard Place, Indianapolis, IN, 46208",39.8323652,-86.1643963,,osm,IN,,,food_bank,way/951573544
Community Harvest Food Bank,,41.018232,-85.1225461,,osm,,,,food_bank,way/953052431
God's Food Pantry,OR,42.3239489,-122.8832455,,osm,OR,,,food_bank,way/953222666
United Food Wholesale,"65 South Forest Avenue, Indianapolis, IN, 46201",39.7662091,-86.1196407,,osm,IN,,,food_bank,way/954682167
Paleteria Vallarta,"2215 Distributors Drive, Indianapolis, IN, 46241",39.7353786,-86.2585111,,osm,IN,,,food_bank,way/955500121
Compassion Center,"2616 Shelby Street, Indianapolis, IN, 46203",39.7294935,-86.139837,,osm,IN,,,food_bank,way/958520837
Good Cheer Food Bank,"2812 Grimm Road, WA",48.0090674,-122.4600388,,osm,WA,,https://www.goodcheer.org/home/foodbank/,food_bank,way/959031241
Helping Hand,"109 East Clinton Avenue, Indianola, 50125",41.3631672,-93.5598435,,osm,,,,food_bank,node/962101713
San Geronimo Valley Community Center,"6350 Sir Francis Drake Boulevard, San Geronimo, CA, 94963",38.0165498,-122.6746334,,osm,CA,+1 415 488 8888,https://www.sgvcc.org/,food_bank,way/966871717
Newport Food Bank,310,48.1822484,-117.0430866,,osm,,,,food_bank,way/971519291
Hope Prison Ministries,"508 West Cumberland Street, Philadelphia, PA, 19133",39.9889524,-75.1414858,"Fr 12:00-14:00, Sa[2] 13:00-17:00",osm,PA,+1 215-393-7650,,food_bank,way/971698320
Iglesia Sol De Justicia,"901 West Lehigh Avenue, Philadelphia, PA, 19133",39.9931219,-75.1461533,"We 11:00-15:00, Th 13:00-16:00",osm,PA,+1 267-825-0318,,food_bank,way/971778826
Neighborhood Action Bureau,"2565 Germantown Avenue, Philadelphia, PA, 19133",39.9913645,-75.1480246,"Mo,We,Th 09:00-13:00",osm,PA,+1 215-350-4735,,food_bank,way/971786848
Moorish Science Temple of America,"2259 North 5th Street, Philadelphia, PA, 19133",39.9857118,-75.1414008,"Sa[2,3] 13:30-16:30",osm,PA,+1 215-939-3594,,food_bank,way/971941278
God's Bounty,"8946 Southeastern Avenue, Wanamaker, IN",39.703502,-86.0072806,Th 13:00-18:30,osm,IN,,https://godsbountyindy.com/,food_bank,way/972415785
Bethlehem House of Bread,"9055 Southwest Locust Street, Tigard, OR, 97223",45.4472935,-122.7700509,,osm,OR,,https://bethlehemhouseofbread.org/,food_bank,way/974065345
Glen Ed Pantry,"125 5th Avenue, Edwardsville, 62025",38.7929544,-89.9542821,,osm,,+1-618-656-7506,https://www.glenedpantry.org/home,food_bank,way/974165638
"Children's Mission, Inc.","2200 Germantown Avenue, Philadelphia, PA, 19133",39.9849812,-75.1444137,"Su 10:00-11:00 open ""Breakfast"", We 17:30-18:00 open ""Dinner"", Sa[2] 14:00-16:00",osm,PA,+1 215-236-9930,,food_bank,way/974370069
Temple Presbyterian Church,"1300 North 7th Street, Philadelphia, PA, 19122",39.9720097,-75.1482012,"We, Th 11:00-15:30",osm,PA,+1 215-232-9777,,food_bank,way/974612483
Milan Christian Food Pantry,,41.4514481,-90.5669318,,osm,,,,food_bank,way/975247363
Food Distribution Center Gatewood Baptist Church,,38.0088175,-81.060531,,osm,,,,food_bank,way/977437375
Claremont Soup Kitchen,,43.3747257,-72.3437437,,osm,,,,food_bank,way/980975765
Blacksburg Interfaith Food Pantry,,37.2370677,-80.4050399,Mo-Tu 16:00-17:30; We-Th 10:00-11:30; Fr-Su off,osm,,+1-540-951-8134,https://blacksburginterfaithfoodpantry.org/,food_bank,way/992925061
Food Distribution Center - Sacred Heart - Society of Saint Vincent de Paul,"590 East Safford Street, Tombstone, AZ, 85638",31.7143029,-110.0643128,,osm,AZ,,,food_bank,way/993691819
Cooperative Christian Ministry,,35.4446525,-80.602806,,osm,,,,food_bank,way/997288892
Saint Vincent de Paul of Hampton,"289 Lafayette Road, Hampton, NH, 03842",42.9354103,-70.8369254,"Mo-Tu 10:30-12:00, Th-Fr 10:30-12:00, Sa 09:00-10:30",osm,NH,+1 603-929-4427,https://svdphampton.com/,food_bank,way/1001266213
Bellingham Food Bank,"1824 Ellis Street, Bellingham, WA, 98225",48.7546422,-122.4717676,"Mo,We,Fr 10:00-18:00",osm,WA,+1-360-676-0392,https://www.bellinghamfoodbank.org/,food_bank,way/1005967188
Wauconda Island Lake Food Pantry,,42.278176,-88.1527483,,osm,,,,food_bank,way/1011159959
Helping Hands Food Bank,"9386 Fruitdale Road, Sedro-Woolley, 98284",48.507631,-122.2107773,Mo-Tu 12:00-15:00;Th 13:00-16:00;Fr 15:00-18:00,osm,,,,food_bank,way/1018278990
The Ford Centre,119 Atkins Avenue,40.2157937,-74.0208814,,osm,,,,food_bank,way/1019025778
Agape Center NRV,"1175 Cambria Street Northeast, Christiansburg, VA, 24073",37.1448246,-80.4059221,,osm,VA,,,food_bank,way/1022334571
New Horizons,"199 Manchester Street, Manchester, NH, 03103",42.9899981,-71.4586878,,osm,NH,,http://www.newhorizonsfornh.org/,food_bank,way/1023581697
Gleaners Community Food Bank Pontiac Distribution Center,"120 East Columbia Avenue, Pontiac, MI, 48340",42.669623,-83.2959129,,osm,MI,,,food_bank,way/1025663901
Caritas Outreach Ministries,"1228 West Nebraska Avenue, Spokane, WA",47.7091912,-117.4300379,,osm,WA,,,food_bank,way/1026870347
Forgotten Harvest,"3000 West 14 Mile Road, Royal Oak, MI, 48073",42.5338484,-83.1827847,,osm,MI,,,food_bank,way/1028376902
CARE Mission,"11093 Alexandria Pike, Alexandria, KY, 41001",38.8942493,-84.3831594,"Tu,Th 09:00-14:00, Sa [1,3] 09:00-12:00; PH off",osm,KY,+1-859-635-4500,https://www.caremission.net,food_bank,way/1030973278
Toppenish Community Chest Food and Clothing Bank,"4 North B Street, Toppenish, WA, 98948",46.3774255,-120.306405,,osm,WA,,,food_bank,way/1031390642
Twin Cities Christian Outreach Food Bank,,34.8455325,-95.5570047,,osm,,,,food_bank,way/1035902770
Alger Food Bank,"18731 Parkview Lane, Burlington, WA, 98233",48.6179667,-122.3409743,,osm,WA,,,food_bank,way/1039213021
Lighthouse Waterford Warehouse,"2230 Mall Drive East, Waterford Township, MI, 48328",42.6488097,-83.3318547,,osm,MI,,,food_bank,way/1039217149
Community Food Pantry,"297 Riff Avenue, Logan, OH, 43138",39.5443809,-82.4249504,,osm,OH,,,food_bank,way/1046260155
Curwensville Food Pantry,,40.9776957,-78.5300035,,osm,,,,food_bank,way/1051394981
Interfaith Food Bank,"12181 Airport Road, Jackson, CA, 95642",38.3758829,-120.7995506,,osm,CA,,,food_bank,way/1051848805
Second Harvest Food Bank,,40.2492043,-85.3701645,,osm,,,,food_bank,way/1052347411
Maple Heights Community Food Pantry,,41.4079423,-81.5604533,,osm,,,,food_bank,way/1052839459
Center for Hope Food Pantry,,40.4888904,-88.9673256,,osm,,,,food_bank,way/1053450743
Durant Nutrition Center,,33.9974504,-96.3930144,,osm,,,,food_bank,way/1057073119
Living Water United Church of Christ,"6250 Loretto Avenue, Philadelphia, PA, 19111",40.0390309,-75.0806489,,osm,PA,,,food_bank,way/1057758213
Faith In Action Outreach,"103 South Terry Street, Malakoff, TX, 75148",32.170342,-96.0124682,,osm,TX,,,food_bank,way/1058233445
God's Food Pantry,,35.9578762,-85.8069109,,osm,,,,food_bank,way/1058413240
Greene County Interfaith Volunteers,,35.4526461,-77.6894979,,osm,,,,food_bank,way/1059608246
Northwestern Food Pantry,"1 Robb & Powell Ave, Albion, PA, 16401",41.8903827,-80.3639938,,osm,PA,,,food_bank,way/1062485656
Ballard Food Bank,"1400 Northwest Leary Way, Seattle, WA, 98107",47.6639779,-122.3740045,"Mo 01:00-18:45; Tu,We 11:00-15:45; Th 01:00-18:45",osm,WA,,https://www.ballardfoodbank.org,food_bank,way/1065423883
Elk Garden School Ministries Food Bank,,36.9353292,-81.9675133,,osm,,,,food_bank,way/1065546532
Lancaster Vineyard Food Pantry and Outreach,"Lancaster, OH, 43130",39.7156247,-82.6107447,,osm,OH,,,food_bank,way/1068315185
New Braunfels Food Bank,"1620 South Seguin Avenue, New Braunfels, TX, 78130",29.6847268,-98.1084824,,osm,TX,,,food_bank,way/1077233054
Saint Philomene Food Bank,"2428 Bell Street, Sacramento, CA",38.6103855,-121.4092108,Tu 18:00-19:00,osm,CA,+1 916-481-6757,https://stphilomene.com,food_bank,node/1080839936
Harvest Regional Food Bank,"3120 East 19th Street, Texarkana, AR, 71854",33.4398922,-94.0089612,,osm,AR,+1-870-774-1398,https://harvestregionalfoodbank.org/,food_bank,way/1081214520
Sonshine House - Food Distribution Center,"912 Broad Street, Wichita Falls, TX, 76301",33.9059522,-98.4981873,,osm,TX,,,food_bank,way/1081638407
Community Help Center of Trousdale County,"120 East McMurry Boulevard, Hartsville, TN, 37074",36.3985342,-86.1612961,09:00-17:00,osm,TN,+1 615 374 2904,https://main.d3se6g0psutlcs.amplifyapp.com/,food_bank,way/1085214397
The Pax Center,"605 Washington Street, La Porte, IN, 46350",41.6136955,-86.7212883,"We,Th 12:00-13:30; Sa 09:00-10:30",osm,IN,,https://thepaxcenter.com/,food_bank,way/1085485282
Marion County Food Bank,"141 Alabama Avenue, Sequatchie, TN, 37374",35.1145077,-85.5953201,,osm,TN,,,food_bank,way/1090898722
Christ's Table,"28 South 6th Street, Zanesville, OH, 43701",39.9392548,-82.0049999,,osm,OH,+1 740-452-9766,https://christstable.org/,food_bank,way/1093096675
The Food Bank for Central & Northeast Missouri,"2101 Vandiver Drive, Columbia, MO, 65202",38.9722514,-92.3066125,,osm,MO,,,food_bank,way/1095687015
The Salvation Army,"3240 Monroe Street, La Porte, IN, 46350",41.5975233,-86.6851794,Mo-We 09:00-16:00; Th 09:00-17:00; Fr 09:00-16:00; Su 09:00-12:30; Sa off,osm,IN,+1 219-326-5342,https://centralusa.salvationarmy.org/laporte/,food_bank,way/1096731078
Parker Subaru Food Pantry,,47.7198474,-116.7875446,,osm,,,,food_bank,way/1098123300
All Saints Food Pantry,,29.7901472,-95.3955434,,osm,,,,food_bank,way/1102248021
Heartland Hunger Resource Center Community Food Bank,"556 Deinhard Lane, McCall, ID, 83638",44.8968239,-116.0894739,,osm,ID,,,food_bank,way/1102681122
Desert Manna Food Pantry,"590 North 96th Street, Mesa, AZ, 85207",33.4251543,-111.6245217,,osm,AZ,,,food_bank,way/1102878557
Chico Gleaners,"1436 Nord Avenue, Chico, CA, 95926",39.7349705,-121.8646482,,osm,CA,,,food_bank,way/1106265370
Gleaners Community Food Bank Livingston Distribution Center,"5924 Sterling Drive, Howell, MI, 48843",42.5688411,-83.8372416,,osm,MI,,,food_bank,way/1109605560
North Liberty Food Pantry,"89 North Jones Boulevard, North Liberty, IA, 52317",41.7485986,-91.6183103,,osm,IA,,,food_bank,way/1111119186
Real Life Center,,33.4524491,-84.586132,,osm,,,,food_bank,way/1111512411
Andover Food Pantry,"39 Elm Street, Andover, ME, 04216",44.6363692,-70.7490972,,osm,ME,,,food_bank,way/1112776253
Somerton Interfaith Food Pantry,"510 Somerton Avenue, Philadelphia, PA, 19116",40.1225412,-75.019087,Mo 09:30-12:00; We 09:30-12:00; Fr 09:30-12:00,osm,PA,+1 215 673 1117,,food_bank,way/1113326503
Clemmons Food Pantry,"2660 Neudorf Road, Clemmons, NC, 27012",36.0242819,-80.3844157,,osm,NC,,https://clemmonsfoodpantry.org/,food_bank,way/1116075187
Soup Kitchen of Greater Wheeling,,40.0636073,-80.71934,,osm,,,,food_bank,way/1119079245
His House,,35.25285,-91.7282849,,osm,,,,food_bank,way/1123686195
Mission Ministries - Food Distribution Center,"352 West Main Street, Waverly, VA, 23890",37.0359092,-77.0964489,,osm,VA,+18047327548,,food_bank,way/1124016144
We Care Center,,36.050358,-80.2243792,,osm,,,,food_bank,way/1124335018
Bountiful Food Pantry,"480 East 150 North, Bountiful, UT, 84010",40.8906399,-111.8698051,"Mo-Th 11:00-13:00,18:00-20:00; Fr 18:00-20:00; Sa 10:00-12:00",osm,UT,+1 801-299-8464,https://bountifulfoodpantry.org/,food_bank,way/1125440360
Pearland Neighborhood Center,,29.5643526,-95.2881099,,osm,,,,food_bank,way/1125703404
Samaritan House,"1211 West Hudson Road, Rogers, AR, 72756",36.3567297,-94.1312238,,osm,AR,,,food_bank,node/1127494220
Philadelphia Church International,"5541 Baltimore Avenue, Philadelphia, PA, 19143",39.9472258,-75.2348884,Tu 12:00-17:00;Th-Fr 12:00-17:00,osm,PA,+1 215 476 3109,,food_bank,way/1131534638
People Helping People,"6010 Cedar Avenue, Philadelphia, PA, 19143",39.9523071,-75.2432837,Mo-Fr 09:00-05:00,osm,PA,+1 267-290-9729,,food_bank,way/1131767305
Sahuarita Food Bank,"17750 South La Cañada Drive, Sahuarita, AZ, 85629",31.9276664,-110.9957127,,osm,AZ,,,food_bank,way/1131908981
Liberty Baptist Church Beanery,"5944 Larchwood Avenue, Philadelphia, PA, 19143",39.9537272,-75.2419633,Mo 10:30-01:00,osm,PA,+1 215-748-2363,,food_bank,way/1132166293
Christ of Calvary Covenant,"500 South 61st Street, Philadelphia, PA, 19143",39.9540805,-75.2446891,"We,Sa 12:00-02:00",osm,PA,+1 215-472-5548,,food_bank,way/1132263615
Allen AME Church,"5901 Larchwood Avenue, Philadelphia, PA, 19143",39.9539459,-75.2406701,Mo-Th 10:00-12:00,osm,PA,+1 215-476-6347,,food_bank,way/1132264656
Word of Life Healing Ministry,"315 South 60th Street, Philadelphia, PA, 19139",39.9559705,-75.2417715,Sa 10:00-12:00,osm,PA,,,food_bank,way/1132278625
59th Street Baptist Church,"5901 Spruce Street, Philadelphia, PA, 19139",39.956578,-75.2400383,"Th[1,2] 09:30-11:45",osm,PA,+1-215-472-7532,,food_bank,way/1132762422
New Birthing Worship Center,"5949 Spruce Street, Philadelphia, PA, 19139",39.9567485,-75.241392,Tu-Fr 10:00-14:00,osm,PA,+1 215-476-3605,,food_bank,way/1132762445
Korean Senior Citizens,"6101 Rising Sun Avenue, Philadelphia, PA, 19111",40.0462316,-75.099051,Sa 10:00-11:00,osm,PA,+1 215 698 2548,,food_bank,way/1133454167
New Creation in Christ Church of the Way,"417 South 56th Street, Philadelphia, PA, 19143",39.9540434,-75.2340621,We 11:00-13:00; May-Sep off,osm,PA,+1 215 471 1239,,food_bank,way/1133585995
"Bundy House, Inc.","5702 Walnut Street, Philadelphia, PA, 19139",39.9580509,-75.2357594,Tu 01:00-03:00; Fr 04:00-06:00,osm,PA,+1 215-662-0607,,food_bank,way/1136308726
Gateway Food Pantry,"2024 Key West Drive, Arnold, MO, 63010",38.4406633,-90.3856547,"Mo-Fr 08:00-13:00; Sa,Su 08:00-10:00",osm,MO,+16362873663,https://www.gatewayfoodpantry.org,food_bank,way/1136340639
Monumental Baptist Church,"241 South 50th Street, Philadelphia, PA",39.954996,-75.2215828,We 12:00-13:00,osm,PA,+1 215-747-1414,,food_bank,way/1136533795
Sanctuary Church of the Open Door,"5923 Walnut Street, Philadelphia, PA, 19139",39.9591286,-75.2406191,Sa 09:00-12:00,osm,PA,+1 215-748-6510,,food_bank,way/1136817186
Advocate St. Stephens United Methodist Church,"5213 Germantown Avenue, Philadelphia, PA, 19144",40.031559,-75.1664341,Tu 09:00-12:00,osm,PA,+1-215-438-6384,https://www.umc.org/,food_bank,way/1136982079
Saint Joseph Food Pantry,,42.782157,-71.2336653,,osm,,,,food_bank,node/1138630368
Stepping Stones of Dunn County,"1602 Stout Road, Menomonie, WI, 54751",44.8795901,-91.9104361,,osm,WI,,,food_bank,way/1140605594
Whispering Pines Senior Meal Site,"6 Lark Road, Whispering Pines, NM, 87059",34.9367361,-106.2943982,,osm,NM,,,food_bank,way/1148488084
Rathdrum Food Bank,,47.8116171,-116.8964345,,osm,,,,food_bank,way/1148905547
FISH Community Food Bank,"804 Elmview Road, Ellensburg, WA, 98926",47.0271962,-120.5374765,Mo-Th 13:30-16:00; Fr 09:00-11:30,osm,WA,+1-509-925-5990,https://kvfish.org,food_bank,way/1152059808
Middleton Food Pantry,"104 East 1st Street, Middleton, ID, 83644",43.707603,-116.6191656,We 10:00-12:00; Sa 10:30-12:30,osm,ID,,https://healthandwelfare.idaho.gov/food-banks-food-sites-and-food-pantries/middleton-food-pantry,food_bank,way/1153084555
Food Bank of Delaware,"1040 Mattlind Way, Milford, DE, 19963",38.9282628,-75.4459359,,osm,DE,,,food_bank,way/1155761237
Donnelly Food Pantry,"135 Front Street, Donnelly, ID, 83615",44.7312722,-116.0799453,"Th 16:00-17:45,15:45-17:45",osm,ID,,,food_bank,way/1160269623
Food Bank of Northern Indiana,,41.6679479,-86.260411,,osm,,,,food_bank,way/1161803262
Families Unlimited Network,"2610 Sunset Drive West, Univerity Place, WA, 98466",47.2360938,-122.5454192,,osm,WA,,,food_bank,way/1166045089
Neighbor to Neighbor Food Bank,,41.1057895,-82.6146126,,osm,,,,food_bank,way/1171323387
Key Peninsula Bischoff Food Bank,"12402 134th Avenue Northwest, Gig Harbor, WA, 98329",47.3708967,-122.7166018,,osm,WA,,,food_bank,way/1175217142
Bishop's Storehouse,"751 West 700 South, Salt Lake City, UT",40.7531581,-111.9134934,"Mo-Tu, Th-Fr 08:30-16:00; We 08:30-19:00",osm,UT,+1 801-240-7320,,food_bank,way/1177699585
Keep Community Development,"1901 Harrison Street, Philadelphia, PA, 19124",40.0159923,-75.0751641,"Tu 17:00-18:00 ""food pantry"", Sa 12:00-14:00 ""food pantry and soup kitchen""",osm,PA,+1 215-533-3021,,food_bank,way/1181454537
Faith Assembly of God,"1926 Margaret Street, Philadelphia, PA, 19124",40.012958,-75.0779006,"Tu-Th 10:30-12:00, 13:00-14:00",osm,PA,+1 215-535-8581,,food_bank,way/1182700367
Faith Baptist Food Pantry,,41.6876867,-86.2676199,,osm,,,,food_bank,way/1183943976
Sanpete Pantry,,39.530648,-111.4677477,,osm,,,,food_bank,way/1184516426
Idaho Foodbank Lewiston,,46.3813118,-116.9798809,,osm,,,,food_bank,way/1184664320
Christian Food Bank of Salemburg,,35.0158513,-78.5031688,,osm,,,,food_bank,way/1184725749
Food Bank of Lincoln,"1221 Kingbird Road, Lincoln, NE, 68521",40.8518327,-96.7394685,,osm,NE,,,food_bank,way/1185200611
Christian Family Ministries of Coleman County,"519 West Pecan Street, Coleman, TX, 76834",31.8298121,-99.4279484,,osm,TX,,,food_bank,way/1186504499
Temple of Faith Community Church,"1532 Sellers Street, Philadelphia, PA, 19124",40.0141172,-75.0872145,"Tu,Th 17:30-19:00",osm,PA,+1 215-744-7910,,food_bank,way/1187829969
Buffalo Food Shelf,"301 12th Avenue South, Buffalo, MN, 55313",45.1678354,-93.8541087,,osm,MN,,,food_bank,way/1190455254
Lake City Community Food Bank,,47.7269996,-116.8074405,,osm,,,,food_bank,way/1190855561
Jerusalem French Church S.D.A.,"537 East Wyoming Avenue, Philadelphia, PA, 19120",40.0205737,-75.1148388,We 18:00-19:30,osm,PA,+1 215-324-0374,,food_bank,way/1191904712
Rio Grande Food Project,,35.0933805,-106.709077,,osm,,,https://rgfp.org,food_bank,way/1192116088
Anchor House,,38.956026,-85.8836179,,osm,,,,food_bank,way/1192761439
Food Bank of Contra Costa & Solano,"2370 North Watney Way, Fairfield, CA, 94533",38.2389087,-122.0759108,"Mo-Fr 07:00-15:30; Sa closed ""By appointment""; PH closed",osm,CA,+1 707-421-9777,https://www.foodbankccs.org/,food_bank,way/1193429730
The Simple Way,"3234 Potter Street, Philadelphia, PA, 19134",39.9978618,-75.1121717,Mo 16:00-16:30,osm,PA,+1 215-423-3598,,food_bank,way/1200950246
Food Finders Food Bank,,40.4323155,-86.8844129,,osm,,,,food_bank,way/1201167162
St. Philip's UMC,"718 East Tioga Street, Philadelphia, PA, 19134",40.0013379,-75.1156946,"We 11:30-13:00 ""Soup kitchen""",osm,PA,+1 215-634-5222,,soup_kitchen,way/1201748608
Holy Redeemer Catholic Church Food Distribution Center,"231 Vargas Alley, San Antonio, TX, 78203",29.4147759,-98.4582094,,osm,TX,,,food_bank,way/1202456145
Christ Bible Fellowship Church of Philadelphia,"1921 East Venango Street, Philadelphia, PA, 19134",39.9995683,-75.1022127,Sa[3] 10:00-12:00,osm,PA,+1 215-300-4917,,food_bank,way/1203178155
Richard & Friends United in the Community,"1916 East Venango Street, Philadelphia, PA, 19134",39.9995646,-75.1029845,"Mo,We-Fr 15:00-17:00, Tu ""Emergency""",osm,PA,+1 267-505-4451,,food_bank,way/1204917398
Fishkill Food Pantry,,41.5358885,-73.8998332,,osm,,,,food_bank,way/1205941638
Saint Margaret Mary Food Bank,,29.3832516,-98.4585895,,osm,,,,food_bank,way/1205965523
SECOR Food Bank,"17151 Pine Lane, Parker, CO, 80134",39.5439164,-104.7901159,,osm,CO,,,food_bank,way/1208537315
Trinity Presbyterian Church,"2905 Frankford Avenue, Philadelphia, PA, 19134",39.9897065,-75.117364,"Su 11:00-12:00 ""Food pantry"", Sa 10:00-12:00 ""Food pantry"", Oct-Jun Sa[3] 13:00-15:00 ""Soup kitchen""",osm,PA,+1 215-739-6829,,food_bank,way/1209564478
Crusaders for Christ,"1201 South 47th Street, Philadelphia, PA, 19143",39.9448568,-75.2122225,Su[3] 14:30-16:00; Fr 16:00-17:00,osm,PA,+1 215-387-3014,,food_bank,way/1210583352
Manna House,"Tulsa, OK",36.1610554,-95.9211433,,osm,OK,,,food_bank,way/1210627229
Saint James Outreach House,"147 Evansburg Road, Collegeville, PA",40.1807456,-75.4298361,,osm,PA,,,food_bank,way/1214607816
Open Cupboard,"406 2nd Avenue, Osceola, WI, 54020",45.3199317,-92.7029174,,osm,WI,,,food_bank,way/1227694557
Acts of Love Food Pantry,,35.6942806,-97.0645978,,osm,,,,food_bank,way/1229243392
Operation Blessing,"600A Lafayette Road, Portsmouth, NH, 03801",43.0561263,-70.7707764,We-Fr 10:00-16:00; Sa 09:00-12:00,osm,NH,+1-603-430-8561,https://www.operationblessingnh.org/,food_bank,way/1229799231
Oregon Food Bank,"7900 Northeast 33rd Drive, Portland, OR, 97211",45.5801232,-122.6319542,,osm,OR,+1 503 282 0555,https://www.oregonfoodbank.org/about-us/locations/metro-and-washington-county-services,food_bank,way/1230732021
Catholic Charities Poteau Food Pantry,,35.0526715,-94.6158292,,osm,,,,food_bank,way/1234788067
the commons,,32.7785761,-108.2709013,,osm,,,,food_bank,way/1235072732
First Baptist Church Food Pantry,,42.8824505,-71.3247472,Tu 15:30-17:00;Th 09:30-12:00,osm,,+1-603-421-1897,,food_bank,node/1238096569
Litchfield Food Pantry,,42.8427853,-71.4813717,Mo 09:00-12:00;We-Th 09:00-12:00,osm,,,https://www.litchfieldchurch.org/serving/food-pantry/,food_bank,node/1238099518
Agape Ministries,"1220 East Spring Street, Saint Marys, OH, 45885",40.5464943,-84.3703902,,osm,OH,+1-419-394-8700,,food_bank,way/1238759060
Harvest Time Christian Fellowship,"4001 North 9th Street, Philadelphia, PA, 19140",40.0130835,-75.1414063,Mo 18:30-19:30; We 18:30-19:30,osm,PA,+1 215-225-4823,,food_bank,way/1239687899
Hunting Park NAC,"3760 North Delhi Street, Philadelphia, PA, 19140",40.0098039,-75.1436156,"Tu 14:00+ ""closing time not specified""",osm,PA,+1 215-225-5560,,food_bank,way/1240008921
Tabernaculo De La Fe Assemblies,"5428 North Front Street, Philadelphia, PA, 19120",40.0330986,-75.1221724,Su 15:00-18:30; We-Fr 08:30-14:30; Sa 10:00-13:00,osm,PA,+1 215-301-4229,,food_bank,way/1240609355
The Cove,,48.3641783,-120.1210494,,osm,,,,food_bank,way/1245133226
Catholic Charities Of Des Moines - Food Pantry,,41.595973,-93.5856816,,osm,,,,food_bank,way/1250188110
Mesha Church of Deliverance,"26 South 57th Street, Philadelphia, PA, 19139",39.9605897,-75.2352407,Tu 11:00-02:00,osm,PA,+1 215-474-4476,,food_bank,way/1255765979
Little Miami Food Service,"4766 Whitacre Drive, Morrow, OH, 45152",39.3579933,-84.0971904,"Mo,Fr 09:00-12:00",osm,OH,,https://littlemiamifoodservice.org/,food_bank,way/1256731755
Zion Pentecostal Community Development Corp.,"6055 Vine Street, Philadelphia, PA, 19139",39.9670297,-75.2415922,"Th, Sa 10:00-12:00",osm,PA,+1 215-431-7291,,food_bank,way/1256946223
Metrocrest Services,"1145 North Josey Lane, Carrollton, TX, 75006",32.9554158,-96.8911173,,osm,TX,+1-972-446-2100,https://metrocrestservices.org,food_bank,way/1257082093
Lovington Food Coalition,,32.9602158,-103.3476625,,osm,,,,food_bank,way/1259729585
Tulsa & Creek Counties Senior Nutrition,"3602 East Pine Street North, Tulsa, OK, 74115",36.1768578,-95.9383815,,osm,OK,,,food_bank,way/1259830184
Tulsa & Creek Counties Senior Nutrition,"3414 East Pine Street North, Tulsa, OK, 74115",36.1767725,-95.9389613,,osm,OK,,,food_bank,way/1259830185
Bible Way Baptist Church,"1323 North 52nd Street, Philadelphia, PA, 19131",39.9738576,-75.225859,Tu 08:30-14:00,osm,PA,+1 215-879-9953,,food_bank,way/1260733708
Truth Memorial Baptist Church,"1540 North 56th Street, Philadelphia, PA, 19131",39.9761259,-75.2338983,We 07:30-12:00,osm,PA,+1 215-477-3105,,food_bank,way/1262964213
Faith Baptist Church,"4601 North Market Street, Champaign, IL, 61822",40.1725986,-88.2403323,,osm,IL,+1-217-367-9918,https://faithchampaign.org/,food_bank,way/1263750626
Westchester Food Pantry,"1938 South Mannheim Road, Westchester, IL, 60154",41.8509858,-87.8821646,,osm,IL,+17089274826,http://www.westchesterfoodpantry.org/,food_bank,way/1267731219
Ashland Food Bank,,46.6312328,-68.4067477,,osm,,,,food_bank,way/1270611270
St. John the Baptist Catholic Church Food Bank,"804 South Lincoln Street, Longmont, CO, 80501",40.1500475,-105.1128576,,osm,CO,,,food_bank,way/1273250715
Love Thy Neighbor Ministries,"1391 East Michigan Avenue, Battle Creek, MI, 49014",42.3091737,-85.11255,,osm,MI,,https://lovethyneighborbc.org/,food_bank,way/1274761016
3rd Avenue Marketplace,,47.7085297,-116.9293971,,osm,,,,food_bank,way/1287782849
Sturdy Shelter Food Closet,"10 Shumway Avenue, Batavia, IL, 60510",41.8495459,-88.3079896,,osm,IL,,,food_bank,way/1292384789
7th Street Food Pantry & Outreach,"4233 South 7th Street, Phoenix, AZ, 85040",33.4074886,-112.0642448,,osm,AZ,,,food_bank,way/1292986492
Emmanuel Food Pantry,,47.2064304,-122.2272849,"Tu,Fr 10:00-12:00; We 15:00-17:00",osm,,+1-253-863-3655,,food_bank,way/1298277525
West Texas Food Bank,,31.8611621,-102.3230257,,osm,,,,food_bank,way/1300097686
Laredo Regional Food Bank,"2802 Anna Avenue, Laredo, TX",27.5248874,-99.521651,,osm,TX,,https://laredoregionalfoodbank.org,food_bank,way/1303809810
Winnemucca Food Bank,"150 South Bridge Street, Winnemucca, NV, 89445",40.9743567,-117.7365312,,osm,NV,,,food_bank,way/1307305148
Food Pantry,,36.7276507,-91.851185,,osm,,,,food_bank,way/1308851146
First African Presbyterian Church,"4159 West Girard Avenue, Philadelphia, PA, 19104",39.9739199,-75.209636,Mo 09:00-12:00,osm,PA,+1 215-477-3100,,food_bank,way/1309508413
Fairfield Interfaith Food Pantry,,44.5870281,-69.5963791,,osm,,,,food_bank,way/1313323571
Goldendale Food Bank,,45.8224431,-120.8218218,,osm,,,,food_bank,way/1313814156
MSU Denver Rowdy's Corner,"900 Auraria Parkway, Denver, CO, 80204",39.7450218,-105.0057265,,osm,CO,+1-303-615-0423,https://www.msudenver.edu/student-care-center/rowdys-corner/,food_bank,way/1315644247
CCD Swooper Market,"900 Auraria Parkway, Denver, CO, 80204",39.7449753,-105.0055096,,osm,CO,+1-303-352-6532,https://www.ccd.edu/student-government-association,food_bank,way/1315880082
Hope Center,"1802 North Lincoln Avenue, Urbana, IL, 61801",40.1294811,-88.219037,"We 10:00-12:00,17:00-18:00",osm,IL,+1-217-607-5654,https://tvc.us/vineyard-care,food_bank,way/1317434726
Celestial Tabernacle HCOG,"1263 North 26th Street, Philadelphia, PA, 19121",39.9755643,-75.1783286,Tu-Th 08:00-11:00,osm,PA,+1 215-232-5863,,food_bank,way/1320462067
Harvest from the Heart,"3817 Pleasant Avenue, Minneapolis, MN, 55409",44.9335536,-93.2823677,Tu-Fr 11:00-16:00; Sa 10:00-13:00; PH off,osm,MN,+1-612-822-2101,https://www.harvestfromtheheart.org,food_bank,way/1321507602
Eastern Illinois Foodbank,"2405 North Shore Drive, Urbana, IL, 61802-7221",40.138076,-88.2227511,Mo-Th 07:00-16:00; Fr 07:00-12:00,osm,IL,+1-217-328-3663,https://www.eifoodbank.org/,food_bank,way/1324392366
BASH - Bikers Against Statewide Hunger,"103 140th Street South, Tacoma, WA, 98444",47.1305935,-122.4323185,,osm,WA,,,food_bank,way/1332533347
Our Neighbor's Pantry,,32.8282241,-109.720719,,osm,,,,food_bank,way/1333612950
Strictly For Christ Ministries,"2169 66th Avenue, Philadelphia, PA, 19138",40.0552269,-75.1573279,"Tu,Fr 17:00-19:00",osm,PA,,,food_bank,way/1339259202
ASYMCA Food Pantry & Thrift Store,"2304 Indiana Avenue, Fort Campbell, KY, 42223",36.6318496,-87.4485774,Tu-Fr 10:00-15:00,osm,KY,+1 270-956-1566,https://fortcampbell.asymca.org/services/food-thrift-store/,food_bank,way/1340910461
RSMER Community Pantry,"1619 State Avenue, Alamosa, CO, 81101",37.4557084,-105.8658268,,osm,CO,,,food_bank,way/1343584571
La Crosse Building,,39.1650759,-90.7846238,,osm,,,,food_bank,way/1347902161
Freestore Foodbank,"3401 Rosenthal Way, Cincinnati, OH, 45204",39.0841166,-84.5794942,,osm,OH,,https://freestorefoodbank.org/,food_bank,way/1349020997
Foodbank of Southeastern Virginia and The Eastern Shore,"24530 Coastal Boulevard, Tasley, VA, 23441",37.707136,-75.7063039,,osm,VA,+1-757-787-2557,,food_bank,way/1353798474
Morrisonville-Palmer Food Pantry,,39.4199034,-89.4549761,,osm,,,,food_bank,way/1359187225
Northern Lehigh Food Bank,"7884 Center Street, Slatington, PA, 18080",40.7458538,-75.636106,,osm,PA,+16107679525,,food_bank,way/1359880191
Sumner Community Food Bank,"15625 Main Street East, Sumner, WA, 98390",47.2031027,-122.2202711,,osm,WA,,,food_bank,way/1364084620
Mercy Mission 2,"114 East 147th Street South, Glenpool, OK, 74033",35.9525598,-96.0073062,"Mo,We 12:00-16:00; Sa 10:00-12:00",osm,OK,+1 918 694 3840,https://mercymission2.org/,food_bank,way/1368175399
Miss Virginia's Food Pantry,"1312 South Hanna Street, Fort Wayne, IN, 46802",41.0738621,-85.1291824,,osm,IN,,,food_bank,way/1369357069
Utah Food Bank Timpanogos Distribution Center,,40.1549511,-111.645495,,osm,,,,food_bank,way/1373649066
Six Rivers Food Pantry,"222 West Amelia Street, Cassville, WI, 53806",42.7152284,-90.9928383,,osm,WI,+1-608-434-0420,https://sixriversfoodpantry.com/,food_bank,way/1374766557
J216 Ministry,"4988 US 50, Bainbridge, OH, 45612",39.230149,-83.2573901,,osm,OH,,,food_bank,way/1376596335
Becker County Food Pantry,610 Terry Street,46.8334121,-95.8359113,,osm,,+1-218-846-0142,,food_bank,way/1387873133
Christy's Foundation,"9301 Tampa Avenue, Northridge, CA, 91324",34.2394863,-118.5563539,,osm,CA,,https://christysfoundation.org/northridge/,food_bank,way/1387934101
Samella Williams Angels Unaware Ministry,"155 Stolle Lane, Flatonia, TX, 78941",29.9010167,-97.1994722,,osm,TX,+1-512-786-3163,https://www.swaum.org,food_bank,way/1389074916
Yamhill Community Action Partnership,"1317 Northeast Dustin Court, McMinnville, OR, 97128",45.2168511,-123.1768115,,osm,OR,+1 503-472-0457,https://yamhillcap.org/,food_bank,way/1389871551
Lowhill Church School - Food Pantry,"4691 Lowhill Church Road, New Tripoli, PA, 18066",40.6466002,-75.6857362,,osm,PA,,,food_bank,way/1391659873
Food Bank of Northwest Indiana,"6490 Broadway, Merrillville, IN, 46410",41.5015057,-87.3375365,,osm,IN,,https://foodbanknwi.org/,food_bank,way/1392745333
Clintonville-Beechwold Community Resources Center - Family Services and Choice Food Pantry,"14 West Lakeview Avenue, Columbus, OH, 43202",40.0276465,-83.0153489,Mo-Fr 12:00-16:00,osm,OH,,,food_bank,way/1396257110
St. Vincent de Paul Marinette Food Pantry,"2000 Cleveland Avenue, Marinette, WI, 54143",45.0853623,-87.6333918,,osm,WI,,https://svdpmarinette.org/food-pantry/,food_bank,way/1410577120
The Rainbow Pantry,,34.2814848,-83.1112104,,osm,,,,food_bank,way/1414917484
Food Pantry,,39.0295916,-96.8414561,,osm,,,,food_bank,way/1416789635
King City Food Bank,,36.2130475,-121.1240499,,osm,,,,food_bank,way/1418571335
United Way of Southeast Louisiana Northshore Prosperity Center,,30.4830092,-90.0959236,,osm,,,,food_bank,way/1418994569
Lake Stevens Community Food Bank,"8021 20th Street Southeast, Lake Stevens, WA, 98258",47.9784017,-122.1216515,,osm,WA,,,food_bank,way/1419033315
Drain Fish Food Pantry,"128 West C Avenue, Drain, OR, 97435",43.6636529,-123.3158006,Tu 09:00-13:00,osm,OR,,,food_bank,way/1419282834
St. Teresa Center Food Pantry,,30.2069971,-95.5310432,,osm,,,,food_bank,way/1420080101
Cheshire Community Food Pantry,,41.5331872,-72.8991017,,osm,,,,food_bank,way/1421743876
The Open Door Food Pantry,"293 Creek Drive, Hertford, NC, 27944",36.204702,-76.4486327,,osm,NC,,,food_bank,way/1423074498
Burgettstown Area Food Pantry,,40.3400616,-80.3845825,,osm,,,,food_bank,way/1425095986
Food pantry for Community Church of Boulder Jct.,"5484 Community Street, Boulder Junction, WI, 54512",46.1119264,-89.6473286,,osm,WI,,,food_bank,way/1427466728
Glen Ellyn Food Pantry,"55 North Park Boulevard, Glen Ellyn, IL, 60137",41.8614256,-88.0607207,,osm,IL,+1-630-469-8668,,food_bank,way/1428356107
Waldport Food Share,"3710 South Crestline Drive, Waldport, OR, 97394",44.3996837,-124.0661437,Tu 12:00-15:00; Th 12:00-15:00; Nov Th[4] off,osm,OR,+1-541-563-3710,https://southlincolnresources.org/food-share/,food_bank,way/1430373373
Blytheville-Gosnell Area Food Bank,"122 West Main Street, Blytheville, AR, 72315",35.9278165,-89.9037864,,osm,AR,,,food_bank,way/1430679564
Mississippi County Union Mission,400 East Walnut Street,35.9288021,-89.8988232,,osm,,,,food_bank,way/1430679627
Heart 2 Hand Bingham Food Pantry,"190 South Holmes Avenue, Shelley, ID, 83274-1322",43.3799862,-112.1215433,,osm,ID,,,food_bank,way/1431022396
Feeding Southwest Virginia,"1025 South Electric Road, Salem, VA, 24153",37.2784597,-80.0366315,,osm,VA,,https://feedingswva.org/,food_bank,way/1433177099
Peter's Pantry,"843 South 21st Street, Manitowoc, WI, 54220",44.0908385,-87.6742026,,osm,WI,+1 920-682-6989,https://peterspantry.org,food_bank,way/1434216624
Bullhead Regional Food Bank,"590 Hancock Road, Bullhead City, AZ, 86442",35.1070868,-114.6306919,,osm,AZ,+1-928-758-7717,,food_bank,way/1435817892
The Salvation Army,,32.9004082,-80.0038034,,osm,,,,food_bank,way/1436481847
Ohio County Food Pantry,,37.4407009,-86.8937689,,osm,,,,food_bank,way/1442050040
Collierville Food Pantry,,35.0372118,-89.6501957,,osm,,,,food_bank,way/1443000201
Community Connecting Us - Food Pantry & Little Free Library,,39.6078352,-76.1183216,,osm,,,,food_bank,way/1446375518
Cokato Area Food Shelf,,45.0754531,-94.1898327,,osm,,,,food_bank,way/1446425660
Eleanor's Pantry,"221 Drew Street, Paw Paw, MI, 49079",42.222443,-85.8888293,,osm,MI,+12694150444,https://www.eleanorspantry.org/,food_bank,way/1446431770
Auburn Interfaith Food Closet,"1788 Auburn Ravine Road, Auburn, CA, 95603",38.9223454,-121.0588458,,osm,CA,+1-530-885-1921,https://auburnfoodcloset.org/,food_bank,way/1446693401
Middletown Food Pantry,"980 Beechwood Avenue, Middletown, IN, 47356",40.0634086,-85.5412638,Mo 17:00-19:00; We 09:00-12:00,osm,IN,,,food_bank,way/1448513541
Manila Food Pantry,"203 Baltimore Avenue, Manila, AR, 72442",35.8796469,-90.1665656,,osm,AR,,,food_bank,way/1450744022
Seacoast Dream Center,"5505 North Rhett Avenue, North Charleston, SC, 29406",32.8988392,-79.9867153,,osm,SC,,,food_bank,way/1454535076
Ponca Tribe Food Distribution Office,,36.599362,-97.0821931,,osm,,,,food_bank,way/1455546943
Fort Peck Tribes Commodity Warehouse,"300 Industrial Park Rd, Poplar, MT, 59255",48.106146,-105.2010033,,osm,MT,+1-406-768-5321,,food_bank,way/1456611541
Oak Hill Food Pantry,"105 West Main Street, Oak Hill, OH, 45656",38.8954564,-82.5728194,,osm,OH,,,food_bank,way/1457640711
Greater Galatia Ministerial Alliance,,37.8404982,-88.6117601,We 10:00-13:00,osm,,,,food_bank,way/1461362634
Love Thy Neighbor Ministries,,42.3098774,-85.1147165,,osm,,,,food_bank,way/1465354119
Kearney Food Pantry,,39.3731813,-94.3637502,,osm,,,,food_bank,way/1465416915
Henderson County Food Pantry,"715 East Corsicana Street, Athens, TX, 75751",32.2044141,-95.8455122,,osm,TX,,,food_bank,way/1466991279
Beacon of Hope Inc. - Food Distribution Center,"41 Mill Street, Mount Holly, NJ, 08060",39.9932185,-74.786289,,osm,NJ,+16092886517,http://www.beaconofhopeinc.com/programs.html,food_bank,way/1469978025
Over-The-Rhine Kitchen,"1620 Vine Street, Cincinnati, OH, 45202",39.1136862,-84.5157995,"Sa,Su unknown; Mo-Fr closed",osm,OH,,,soup_kitchen,way/1481241557
Highland Food Bank,,46.7026565,-120.7550882,,osm,,,,food_bank,way/1486127367
Feeding Avery Families,,36.0950643,-81.9311305,,osm,,,,food_bank,way/1486392113
Orchard Church Service Ministries,"37 North Main Street, Magnolia, DE, 19962",39.0740093,-75.4785084,,osm,DE,,https://orchardchurchde.com/branch-out/serviceministries/,food_bank,way/1487050275
Geneseo-Atkinson Food Pantry,"620 West Main Street, Geneseo",41.4472017,-90.1655514,,osm,,,,food_bank,way/1499198553
Table of Grace Food Pantry,,33.1895668,-87.5382671,,osm,,,,food_bank,way/1501131456
Food Bank of Western Massachusetts,,42.1552499,-72.5591153,,osm,,,,food_bank,way/1510684151
Lynnwood Food Bank,"5320 176th Street Southwest, Lynnwood, WA, 98037",47.8377091,-122.3060856,,osm,WA,,,food_bank,way/1512741794
Love Thy Neighbor Food Bank,"148 Embargo Road, Questa, NM",36.7019468,-105.597942,,osm,NM,,,food_bank,way/1516539580
Wellston Center,,38.6784549,-90.2857616,,osm,,,,food_bank,way/1526469817
Atlanta Caring Place,"11632 Depot Street, Atlanta, MI, 49709",45.0093458,-84.1451589,,osm,MI,+1-989-785-2370,,food_bank,way/1528862337
Living Word Church,"7916 Frankford Avenue, Philadelphia, PA, 19136",40.0412819,-75.0295057,Th 09:30-11:30,osm,PA,+12153335233,,food_bank,way/1531308630
Rays of Hope,,43.9126742,-88.0349389,,osm,,,https://www.kielwi.gov/kiel-food-pantry,food_bank,way/1537368561
East Cooper Meals on Wheels,"2304 US 17, Mount Pleasant, SC, 29466",32.8444348,-79.8134839,,osm,SC,+1-843-881-9350,https://www.ecmow.org,food_bank,way/1545704646
Baptist Food Ministry STL,"5248 South Kingshighway Boulevard, Saint Louis, MO, 63109",38.5811652,-90.2782375,,osm,MO,,,food_bank,way/1549148614
East Troy Food Pantry,"2861 Austin Street, East Troy, WI, 53120",42.7839131,-88.4042522,,osm,WI,+12626424357,https://easttroy.org/business/east-troy-food-pantry-east-troy/,food_bank,way/1550206697
Longstreth Food Pantry,"43243 Carbon Hill Buchtel Road, Nelsonville, OH, 45764",39.4962986,-82.2144926,,osm,OH,,,food_bank,way/1551427404
Tabitha's Way,"675 West Garden Drive, Pleasant Grove, UT, 84062",40.3676155,-111.7506168,"Tu,Th-Fr 11:00-14:00; We 11:00-14:00,17:00-20:00; Sa[1,3] 09:00-13:00",osm,UT,+1-801-692-1881,https://tabithasway.org/,food_bank,way/1552734706
Shasta Senior Nutrition Programs,"100 Mercy Oaks Drive, 96003",40.6169088,-122.3294861,,osm,,,,food_bank,node/1709528335
Sonshine Soup Kitchen,,42.8824857,-71.3247586,Mo-Fr 13:00-18:00,osm,,+1-603-437-2833,https://www.sonshinesoupkitchen.org/,food_bank,node/1774236371
Wallingford Food Bank,"1501 North 45th Street, Seattle, 98103",47.6612205,-122.3390251,Tu 12:00-14:00; Th 15:00-18:00; Fr 11:00-13:00,osm,,+1-206-647-1780,https://familyworksseattle.org/food-banks/,food_bank,node/2135540383
University District Food Bank,"5017 Roosevelt Way Northeast, Seattle, 98105",47.665583,-122.317622,"Mo 09:00-14:45; Tu, Th 11:00-19:45; Fr 11:00-15:45",osm,,,https://udistrictfoodbank.org/,food_bank,node/2261920655
North Helpline,"12736 33rd Avenue Northeast, Seattle, 98125",47.7223985,-122.2919528,"We,Sa 09:00-13:45; Th 16:00-18:45",osm,,+1-206-367-3477,https://www.northhelpline.org/,food_bank,node/2462338203
Tri-State Food Bank,801 East Michigan Street,37.9808304,-87.551961,,osm,,,,food_bank,node/2468917149
Beacon Avenue Food Bank,"6230 Beacon Avenue South, Seattle, 98108",47.5465655,-122.3002053,,osm,,+1-206-722-5105,,food_bank,node/2527384673
Blessed Sacrament Food Bank,"5050 8th Avenue Northeast, Seattle, 98105",47.6665736,-122.31935,,osm,,,,food_bank,node/2527394470
Byrd Barr Place Food Bank,"722 18th Avenue, Seattle, 98122",47.608717,-122.3086823,,osm,,,,food_bank,node/2527394471
Brookside Food Center,"3764 Pearl Road, Cleveland, 44109",41.4525477,-81.701683,,osm,,,,food_bank,node/2575931766
Philabundance,"3616 South Galloway Street, Philadelphia, 19148",39.9014476,-75.1569472,,osm,,,https://www.philabundance.org/,food_bank,node/2632780801
Community Corner Food Center,"8302 Detroit Avenue, 44102",41.4811846,-81.7417343,,osm,,,,food_bank,node/2689184502
Baabun Nasr,"1841 North 19th Street, Philadelphia, 19025",39.982159,-75.165182,,osm,,,http://www.baabunnasr.org,food_bank,node/2719566945
SHARE Food Program,"2901 West Hunting Park Avenue, Philadelphia, 19129",40.0065485,-75.1762263,May-Oct: Mo-Sa 09:00-15:00,osm,,,https://sharefoodprogram.org/,food_bank,node/2719642386
Tindley Temple Community Kitchen,"750 South Broad Street, Philadelphia, 19146",39.9414207,-75.1664322,Mo-Th 09:00-15:00,osm,,+1 215-735-0442,,food_bank,node/2727247265
Snohomish Community Food Bank,,47.9305811,-122.0986019,,osm,,,,food_bank,node/2747777336
St. Luke's Episcopal Church,"5421 Germantown Avenue, Philadelphia, 19144",40.033801,-75.1709901,Fr 09:00-12:00,osm,,+1 215-844-8544,http://www.stlukesgermantown.org/,food_bank,node/2751248076
St. Matthew Baptist Church,"634 East Chelten Avenue, Philadelphia, 19144",40.0436681,-75.1664613,Fr 13:00-16:00,osm,,+1 215-849-3070,,food_bank,node/2752431640
St. Peters AAL Food Share,"Philadelphia, 19138",40.0675945,-75.153983,Sa 10:00-12:00,osm,,+1 267-235-2624,https://www.lutheransonline.com/servlet/lo_ProcServ/dbpage,food_bank,node/2752440017
St. Vincent De Paul Church,"109 East Price Street, Philadelphia, 19144",40.0380961,-75.1745414,"Mo,Tu,Fr 09:00-12:00",osm,,+1 215-438-1514,https://www.saint-vincent-church.org/,food_bank,node/2752446335
Triedstone Church,"6533 Wyncote Avenue, Philadelphia, 19138",40.0535064,-75.155787,We 11:00-13:00,osm,,+1 215-924-1530,https://www.facebook.com/TriedStonePentChurch,food_bank,node/2752452926
Upper Room Missionary Baptist,"7236 Ogontz Avenue, Philadelphia, 19138",40.0647735,-75.1551949,Mo 09:00-11:00,osm,,+1 215-549-7311,https://www.facebook.com/pages/Upper-Room-Baptist-Church/111443142229253,food_bank,node/2752461521
Victory Community Baptist Church,"5131 Germantown Avenue, Philadelphia, 19144",40.0305739,-75.1657573,Su 14:00-15:00,osm,,+1-215-248-4683,,food_bank,node/2752470610
Voice Deliverance Worship Center,"6832 Old York Road, Philadelphia, 19126",40.0578148,-75.1396929,"Mo,Fr 10:00-14:00",osm,,+1 215-276-4462,,food_bank,node/2752479555
Wister Townhouses,"285 East Ashmead Street, Philadelphia, 19144",40.0346057,-75.1638171,"We,Th 13:00-15:00",osm,,+1 215-842-1970,,food_bank,node/2752497418
Zion Hill C.O.G.I.C.,"529 East Washington Lane, Philadelphia, PA, 19144",40.0501715,-75.1741708,"Su 09:30-10:30, Tu 11:00-12:30, We 19:00-20:00",osm,PA,+1 215-438-6300,,food_bank,node/2752505565
Have Fun Refund,"5427 Wayne Avenue, Philadelphia, 19144",40.0299927,-75.1750082,Tu-Th 11:00-14:30,osm,,+1 215-275-8253,,food_bank,node/2752521365
Holsey Temple CME Church,"5315 Germantown Avenue, Philadelphia, 19144",40.0328652,-75.1695849,Tu 11:00-13:00; Su 09:00-10:00,osm,,+1-215-848-2210,https://www.facebook.com/HolseyTempleCMEChurchPhiladelphiaPA?rf=117165318301269,food_bank,node/2752546407
Journey of Faith United Methodist Church,"6340 Baynton Street, Philadelphia, 19144",40.0451753,-75.1809748,Th 10:00-14:30,osm,,+1 215-381-2096,,food_bank,node/2752560021
Lonnie Young Rec Center,"1100 East Chelten Avenue, Philadelphia, 19138",40.0496987,-75.1602193,Tu-Th 15:00-19:00; Fr 15:00-18:00; Sa 12:00-15:00,osm,,+1 215-685-2236,https://www.phila.gov/findafacility/RecCenterDetails.aspx?id=856,food_bank,node/2752579313
Mt. Pleasant Memorial Baptist Church,"5811 Germantown Avenue, Philadelphia, 19144",40.0371893,-75.17575,Sa 10:00-12:00,osm,,+1 215-848-5883,,food_bank,node/2752591095
New Beginnings Pentecostal Church,"502 East Haines Street, Philadelphia, PA, 19144",40.0443205,-75.1703962,Th 17:00-18:30,osm,PA,+1 215-843-2727,http://www.nbpcpentecostalchurch.com/,food_bank,node/2752603540
New Bethel African Methodist Episcopal Church,"6153 Germantown Avenue, Philadelphia, 19144",40.042148,-75.1797236,"Tu,Th 11:00-13:00",osm,,+1 215-438-2406,http://www.newbethelphila.net/index.html,food_bank,node/2752614467
New Era Baptist Church,"6618 Wyncote Avenue, Philadelphia, PA, 19138",40.0555265,-75.1539888,Th 09:00-11:00,osm,PA,+1 215-833-5172,,food_bank,node/2752615692
New Jerusalem Church of God in Christ,"14 East Clapier Street, Philadelphia, PA, 19144",40.0292217,-75.1628361,Tu 10:00-11:30; Fr 13:00-15:00,osm,PA,+1 215-844-7212,https://newjerusalemchurchgod.org/,food_bank,node/2752621776
Power House of God,"1014 East Chelten Avenue, Philadelphia, 19138",40.0487956,-75.1611827,"Mo,We 18:00-19:00, Fr 17:00-19:30",osm,,+1 215-500-7485,,food_bank,node/2752627239
Prayer Pantry at Bethune,"1950 West Rockland Street, Philadelphia, 19144",40.0285991,-75.1560596,Sa 10:00-14:00,osm,,+1 215-902-7723,,food_bank,node/2752629225
Resources for Human Development,"4700 Suite 126 Wissahickon Avenue, Philadelphia, 19144",40.0169754,-75.1725506,Mo 13:00-14:00,osm,,+1 215-951-0300 x3709,https://www.rhd.org/,food_bank,node/2752636635
St. Benedict Cahtolic Church,"1935 Medary Avenue, Philadelphia, PA, 19138",40.0505239,-75.1517724,Mo-Fr 10:00-12:00,osm,PA,+1 215-924-2628,,food_bank,node/2752656449
St. Benedict Catholic Church,"1940 Chelten Avenue, Philadelphia, 19138",40.0514948,-75.1509685,Sa 07:00-09:00,osm,,+1 215-924-4401,https://www.parishesonline.com/scripts/HostedSites/Org.asp?ID,food_bank,node/2752668542
Bible Ministries Fellowship,"425 East Chelten Avenue, Philadelphia, 19144",40.041182,-75.169509,Tu 11:00-13:30,osm,,+1 215-482-4011,https://www.bibleministriesfellowship.com/,food_bank,node/2754469613
Canaan Family Life Center,"304 West School House Lane, Philadelphia, 19144",40.0287108,-75.1780625,Tu-Th 10:00-13:00,osm,,+1 215-848-2290,,food_bank,node/2754482206
Canaan Baptist Family Life Center,"5430 Pulaski Avenue, Philadelphia, 19144",40.0284382,-75.177459,Tu-Th 09:00-13:00,osm,,+1 215-848-6311,,food_bank,node/2754490772
Corinthians Emergency Food,"6100 North 21st Street, Philadelphia, PA, 19138",40.0475785,-75.1558023,Mo-Tu 09:00-11:00,osm,PA,+1 215-438-1060,,food_bank,node/2754499734
Divine Breath Baptist Church,"1444 Windrim Avenue, Philadelphia, 19144",40.0285234,-75.1484414,"Tu,Fr 17:00-20:00",osm,,+1 215-324-3363,,food_bank,node/2754509967
Enon Tabernacle,"230 West Coulter Street, Philadelphia, 19144",40.0283692,-75.1752098,"Tu,Th 09:00-12:00",osm,,+1 215-276-7200,,food_bank,node/2754518354
Faith Chapel Church FCDC,"108 East Price Street, Philadelphia, PA, 19144",40.0377794,-75.1739898,"We,Th 11:00-12:00",osm,PA,+1 215-848-5658; +1 215-848-9660,,food_bank,node/2754523778
Germantown Ave. Crisis Ministry,"35 West Chelten Avenue, Philadelphia, PA, 19144",40.0356035,-75.1756163,,osm,PA,+1 215-843-2340,https://www.crisisministry.org/,food_bank,node/2754535655
Grace Community Christian Center,"29 West Johnson Street, Philadelphia, PA, 19144",40.0456245,-75.1829449,Mo-Fr 10:00-13:00,osm,PA,+1 215-848-2700,https://www.gracebaptistgtn.org/what-we-believe,food_bank,node/2754543430
Grace United Methodist Church,"7101 North 20th Street, Philadelphia, 19138",40.062677,-75.151114,Tu 11:00-14:00,osm,,+1 215-549-0619,https://www.facebook.com/pages/Grace-United-Methodist-Church/199232323491891,food_bank,node/2754546425
Haines Street Baptist Church,"214 East Haines Street, Philadelphia, 19144",40.041047,-75.1739526,Th 10:00-13:00,osm,,+1 215-895-3470,,food_bank,node/2754552776
Haitian Evangelical Baptist Church,"814 East Chelten Avenue, Philadelphia, PA, 19138",40.045731,-75.1641292,"Tu 10:00-12:00, Tu,Fr 18:00-21:00, Sa 11:00-15:00",osm,PA,+1 215-842-3782,,food_bank,node/2754560338
Haitian Church of Christ of Philadelphia,"48 West Johnson Street, Philadelphia, 19144",40.0446668,-75.1831654,Th 15:00-18:00; Fr 17:00-19:00,osm,,+1 215-407-6827,,food_bank,node/2754563316
St. Vincent De Paul (Face to Face),"109 East Price Street, Philadelphia, PA, 19144",40.0380374,-75.174422,"Mo,Fr-Su 12:30-14:00",osm,PA,+1 215-438-7939,https://facetofacegermantown.org/,food_bank,node/2754570534
Zion Gardens Apartments,"1101 West Girard Avenue, Philadelphia, 19121",39.971317,-75.1548934,"Tu,Th 13:00-15:00",osm,,+1 215-235-3233,,food_bank,node/2756242825
Johnson Concerned Care Center,"2229 West Thompson Street, Philadelphia, PA, 19121",39.9751301,-75.1729886,"Mo, We, Fr 10:00-14:00",osm,PA,+1 215-763-1349,,food_bank,node/2756242837
BM Oakley Memorial Temple Church,"1535 North 7th Street, Philadelphia, 19122",39.9756113,-75.1469814,"Tu, Th 12:00-14:00",osm,,+1-215-235-5113,,food_bank,node/2756422531
Bright Hope Baptist (Surviving to Thriving Ministry),"1601 North 12th Street, Philadelphia, 19122",39.9772408,-75.1538855,"Mo-Th 17:30-19:00 open ""Soup Kitchen"", Mo-Th 18:00-19:00 open ""Food Bank""",osm,,+1 215-232-6004,,food_bank,node/2756422532
Joy Ministries / Anchor of Hope,"53 East Wister Street, Philadelphia, 19144",40.0309287,-75.1644025,"Su 14:00-16:00, Th 13:00-17:00",osm,,+1 267-235-1600;+1 267-320-1371,,food_bank,node/2756659080
Chelten Christian Crusade,"605 East Chelten Avenue, Philadelphia, 19144",40.0435158,-75.1673538,"Tu,Th 14:45-17:30",osm,,+1 215-849-6614,,food_bank,node/2756673281
Concerned neighbors Germantown,"4800 Wayne Avenue, Philadelphia, 19144",40.0242102,-75.1659313,Mo-Fr 09:00-15:00,osm,,+1 215-849-6932,,food_bank,node/2756674925
Yorktown Community Development,"1300 Jefferson Street, Philadelphia, PA, 19122",39.975112,-75.156862,Mo-Fr 09:30-14:30,osm,PA,+1 215-769-0225,,food_bank,node/2756812887
Mt. Olive Holy Temple,"1469 North Broad Street, Philadelphia, PA, 19121",39.9756442,-75.1582177,"Su,Tu 12:15+ open, Su 13:00+ open ""Soup Kitchen and Pantry"", Tu 14:30+ open ""Soup Kitchen""",osm,PA,+1 215-765-3372,,food_bank,node/2756812901
Berean Presbyterian Care Closet,"2101 North Broad Street, Philadelphia, PA, 19122",39.98487,-75.1561973,We 11:00-13:00; Fr 11:00-13:00,osm,PA,+1 215-769-5683,,food_bank,node/2756812909
Herbert Arlene Homes,"1513 North Bouvier Street, Philadelphia, PA, 19121",39.9769359,-75.1638335,"Mo,Sa 10:00-13:00",osm,PA,+1 215-236-0306,,food_bank,node/2756883367
Little Africa Plus Community Outreach,"1521 West Norris Street, Philadelphia, PA, 19121",39.9836144,-75.1593129,Tu 14:00-15:00,osm,PA,+1 215-236-6672,,food_bank,node/2756883369
North Philadelphia SDA Church,"1602 West Oxford Street, Philadelphia, PA, 19121",39.9775462,-75.161309,We-Th 11:00-13:00,osm,PA,+1 215-637-1074,,food_bank,node/2756883372
Golden Star Baptist Church,"1635 North 27th Street, Philadelphia, PA, 19121",39.9807607,-75.178549,"Su 09:00-15:00, Mo-Fr 09:00-16:00",osm,PA,+1 215-769-2235,,food_bank,node/2756883374
St. Elizabeth Church,"1845 North 23rd Street, Philadelphia, PA, 19121",39.9831913,-75.1716659,Mo-Th 10:00-13:00,osm,PA,+1 215-235-3110 x5611,,food_bank,node/2756883380
New Jerusalem,"2011 West Norris Street, Philadelphia, PA, 19121",39.9846092,-75.1668722,Fr 13:00-15:00,osm,PA,+1 215-763-8806,,food_bank,node/2756883382
Jones Tabernacle A.M.E.,"2106 North Woodstock Street, Philadelphia, PA, 19121",39.9865406,-75.1667273,Th[3] 10:00-14:00,osm,PA,+1-215-236-3028,,food_bank,node/2756883384
Church of the Advocate,"2121 North Gratz Street, Philadelphia, PA, 19121",39.9861634,-75.1635073,Mo-Fr 12:00-14:00,osm,PA,+1 215-236-0568,,food_bank,node/2756883389
Madeira Family Center,"2123 North Gratz Street, Philadelphia, PA, 19121",39.9863801,-75.1634839,Mo-Fr 10:00-15:00,osm,PA,+1 215-765-3874,,food_bank,node/2756883391
Haven Peniel Church,"2301 West Oxford Street, Philadelphia, PA, 19121",39.9793688,-75.1729569,"Tu 12:00-13:30 ""lunch"", 13:30-15:00 ""food pantry"", We 09:00-14:00 ""food pantry""",osm,PA,+1 215-765-7119,,food_bank,node/2756883393
Wayland Temple Church,"2500 Cecil B Moore Avenue, Philadelphia, PA, 19121",39.9807629,-75.1759478,"Tu, Th 10:00-13:00",osm,PA,+1 215-769-0243,,food_bank,node/2756883394
Frankford Group Ministry,"1511 Orthodox Street, Philadelphia, PA, 19124",40.0155042,-75.0864955,Th 10:00-13:00,osm,PA,+1 215-904-5908; +1 215-904-5942,,food_bank,node/2757310103
East Park Revitalization Alliance,"1943 North 33rd Street, Philadelphia, PA, 19121",39.9869265,-75.1871945,"Mo,Th 16:00-19:00",osm,PA,+1 215-235-6001,,food_bank,node/2757310118
Cast Your Cares,"2438 Kensington Avenue, Philadelphia, PA, 19125",39.9871118,-75.1308076,Tu-We 13:00-15:00,osm,PA,+1-215-634-7445,,food_bank,node/2757310152
St. Francis Inn Ministries,"2441 Kensington Avenue, Philadelphia, PA, 19125",39.986888,-75.1306165,"Su,Fr-Sa 11:30-13:00, Mo-Th 16:30-18:00, Tu-Th 10:00-11:00",osm,PA,+1 215-423-5845,,food_bank,node/2757310197
St. Michael's Lutheran Church,"Trenton Avenue, Philadelphia, PA, 19125",39.982324,-75.1247777,"Th[2,4] 11:00-12:00, Th[1,3] 18:15-19:15",osm,PA,+1 215-423-0792,,food_bank,node/2757310220
Campbell AME Church,"1657 Kinsey Street, Philadelphia, PA, 19124",40.0132486,-75.0847575,"Su 09:30-10:00, We 12:00-14:00",osm,PA,+1 215-288-2748,,food_bank,node/2757342291
Second Baptist Church of Frankford,"1801 Meadow Street, Philadelphia, PA, 19124",40.013654,-75.0800478,"Mo,We,Fr 10:00-13:00",osm,PA,+1 215-533-6222,,food_bank,node/2757342298
Whitehall Tenant Council,"1824 Foulkrod Street, Philadelphia, PA, 19124",40.0151029,-75.0778905,Mo-Fr 10:00-15:00,osm,PA,+1 215-684-5977,,food_bank,node/2757342305
Our Brother's Place,"907 Hamilton Street, Philadelphia, PA, 19123",39.9602506,-75.153755,"Su,Sa 08:30-09:30 open ""Breakfast"", Mo-Fr 07:30-08:30 open ""Breakfast"", Su-Sa 12:00-13:00 open ""Lunch"", Su,Sa 16:30+ open ""Dinner"", Mo-Fr 17:00+ open ""Dinner""",osm,PA,+1 215-236-7024,,food_bank,node/2757601364
Broad Street Ministry,"315 South Broad Street, Philadelphia, PA, 19107",39.9461986,-75.1646991,"Tu 11:00-17:00, Th 11:30-13:00 open ""Soup Kitchen""",osm,PA,+1 215-735-4847,,food_bank,node/2757601365
Center for Social Responsibility (Mitzvah Food Project),"2100 Arch Street, Philadelphia, PA, 19103",39.9556036,-75.1748071,"Th[1,3] 16:00-17:00",osm,PA,+1 215-832-0831,,food_bank,node/2757601366
Lutheran Church of the Holy Communion,"2111 Chestnut Street, Philadelphia, PA, 19103",39.9521232,-75.1760461,"Tu,Fr 12:00-16:00 open ""Soup Kitchen"", We[2,4] 11:00-13:00",osm,PA,+1 215-567-3242,,food_bank,node/2757601367
Mazzoni Center,"21 South 12th Street, Philadelphia, PA, 19107",39.950997,-75.1598045,"Mo,We-Fr 09:30-16:30",osm,PA,+1-215-564-0652 x237,,food_bank,node/2757601368
Mercy Hospice,"334 South 13th Street, Philadelphia, PA, 19107",39.9456477,-75.1632093,Mo-Fr 12:00-12:45,osm,PA,+1 215-545-5153,https://www.mercyhospicephilly.org,food_bank,node/2757601370
Old Pine Presbyterian Church,"412 Pine Street, Philadelphia, PA, 19106",39.9434302,-75.1493887,Sa 12:00+,osm,PA,+1 215-925-8051,,food_bank,node/2757601371
Old St. Joseph's,"321 Willings Alley, Philadelphia, PA, 19106",39.9467971,-75.1474931,"Tu,Th,Sa 11:30-13:30",osm,PA,+1 215-923-2581,,food_bank,node/2757601372
St. John's Hospice,"1221 Race Street, Philadelphia, PA, 19107",39.9560889,-75.159973,Mo-Fr 11:30-13:00,osm,PA,+1 215-563-7763,https://saintjohnshospice.org,food_bank,node/2757601373
Saint Mark's Food Cupboard,"1625 Locust Street, Philadelphia, PA, 19103",39.9489642,-75.1687961,Tu-Fr 09:30-11:00,osm,PA,+1 267-278-3004;+1 215-735-1416,,food_bank,node/2757601374
St. Peter's Food Cupboard,"313 Pine Street, Philadelphia, PA, 19106",39.9435358,-75.1476566,"Sa 08:00-10:00 ""Food pantry""",osm,PA,+1 215-925-5968,,food_bank,node/2757601375
Sunday Breakfast Rescue Mission,"302 North 13th Street, Philadelphia, PA, 19105",39.9582298,-75.1603652,"07:00+ open ""Breakfast"", 12:00+ open ""Lunch"", 18:00+ open ""Dinner""",osm,PA,+1 215-922-6400,,food_bank,node/2757601376
Youth Health Empowerment Project,"1417 Locust Street, Philadelphia, PA, 19102",39.9484772,-75.1657348,,osm,PA,+1 215-564-6388,,food_bank,node/2757601390
Northeast Philadelphia Family Service Center (Catholic Social Services),"7340 Jackson Street, Philadelphia, PA, 19136",40.0329424,-75.0358287,"We,Fr 09:00-12:00",osm,PA,+1 215-624-5920,,food_bank,node/2759151023
Star of Hope Baptist Church,"7212 Keystone Street, Philadelphia, PA, 19135",40.0272443,-75.0340979,Tu 10:00-14:00,osm,PA,+1 215-332-2067;+1 215-333-2289,,food_bank,node/2759151029
Bridesburg United Methodist Church,"2717 Kirkbride Street, Philadelphia, PA, 19137",40.002465,-75.0684717,"Tu 11:00-14:30,18:00-19:30, Th 11:00-13:00",osm,PA,+1 215-288-7505,,food_bank,node/2764609412
Centre D'adoration Chretienne,"4520 Benner Street, Philadelphia, PA, 19135",40.0199517,-75.0592082,"Tu,Th 19:00-21:00",osm,PA,+1 215-548-3788,,food_bank,node/2764609416
Congreso de Latinos Unidos,"3439 North Hutchinson Street, Philadelphia, PA, 19140",40.0043645,-75.1430154,Mo-Fr 08:30-11:00,osm,PA,+1 215-763-8870,,food_bank,node/2764609432
Devereux UMC (Church Lunch Program),"2527 West Allegheny Avenue, Philadelphia, PA, 19132",40.0043015,-75.1719066,"Sa[3] 11:00-12:30, Aug off",osm,PA,+1 215-221-5050,,food_bank,node/2764609440
Drug Task Force Ministry,"3252 North Etting Street, Philadelphia, PA, 19129",40.0055996,-75.1740686,"Mo 10:00-18:00, We,Fr 10:00-14:00",osm,PA,+1 215-385-0738,,food_bank,node/2764609443
Father's House of Prayer,"3040-44 Germantown Avenue, Philadelphia, PA, 19133",39.9986705,-75.1474834,"Fr 14:30-16:30, Sa 15:00-17:00",osm,PA,+1 215-225-3530,,food_bank,node/2764609447
First Church Worship Center (Safe Haven),"2509 North 30th Street, Philadelphia, PA, 19132",39.9943322,-75.1805461,"Tu[2] 12:00-14:00 open ""Food pantry"", Th[4] 12:00-13:30 open ""Soup kitchen""",osm,PA,+1 215-229-3608,,food_bank,node/2764609448
Gather the People House,"1429 West Clearfield Street, Philadelphia, PA, 19132",40.0003358,-75.1541943,We 13:00-15:00,osm,PA,+1 215-424-6381,,food_bank,node/2764609451
Geiger Memorial Brethren,"2543 West Lehigh Avenue, Philadelphia, PA, 19132",39.9965483,-75.1736193,"Su 08:30+ ""Breakfast"", Tu-We 10:00-15:00",osm,PA,+1 215-229-2967,,food_bank,node/2764609452
Grands as Parents Inc.,"2200 North Cleveland Street, Philadelphia, PA, 19132",39.9872996,-75.1632389,Fr 10:00-11:30,osm,PA,+1 215-236-5848,,food_bank,node/2764609455
Grupo Cristiano De Entrenamiento,"2719 North Reese Street, Philadelphia, PA, 19133",39.9927091,-75.1406158,"Tu,Fr 14:00-16:00",osm,PA,+1 215-430-0414,,food_bank,node/2764609458
James Spring Memorial Baptist Church,"1845 West Huntingdon Street, Philadelphia, PA, 19132",39.9934998,-75.1626006,Fr 09:30-11:30,osm,PA,+1 215-227-4214,,food_bank,node/2764609463
Jones Memorial Church,"3050 North 22nd Street, Philadelphia, PA, 19132",40.0013622,-75.1665343,Mo[2] 13:00-15:00,osm,PA,+1 215-729-2373,,food_bank,node/2764609465
Jubilee Commandment Keepers Church,"2440 North 15th Street, Philadelphia, PA, 19132",39.9906378,-75.157098,,osm,PA,+1 215-223-7180,,food_bank,node/2764609467
Kensington Assembly of God,"3371 Frankford Avenue, Philadelphia, PA, 19134",39.9952105,-75.1057227,"We 09:00-12:00 ""Give out food twice a month""",osm,PA,+1 215-634-4960,,food_bank,node/2764609471
Morning Star Church of God in Christ,"2326 North 31st Street, Philadelphia, PA, 19132",39.9920781,-75.1831561,"Mo[2,3],Tu[2,3],Th[2,3],Fr[2,3] 15:00-18:00",osm,PA,+1 215-236-8965,,food_bank,node/2764609475
Morris Chapel,"2701 North 12th Street, Philadelphia, PA, 19133",39.9936022,-75.1505977,Th 11:00-13:00,osm,PA,+1 215-223-4046,,food_bank,node/2764609477
North Penn Baptist Church,"2419-2423 North 27th Street, Philadelphia, PA, 19132",39.9926685,-75.1762306,Sa[3] 09:00-11:00,osm,PA,+1 215-228-5822,,food_bank,node/2764609481
Operation 2nd Chance,"507 West York Street, Philadelphia, PA, 19133",39.9876545,-75.1414626,"Mo,We 09:00-17:00",osm,PA,+1 215-939-7866,,food_bank,node/2764609485
Redeem Baptist Church,"2339 North 31st Street, Philadelphia, PA, 19132",39.9924553,-75.1827304,"Fr[3] 08:30-12:30 open ""Food pantry""",osm,PA,+1 215-227-4574,,food_bank,node/2764609487
Salvation Army - KROC,"4200 Wissahickon Avenue, Philadelphia, PA, 19129",40.0117408,-75.1693326,Mo-Fr 13:00-15:00,osm,PA,+1 215 558 1517,https://easternusa.salvationarmy.org/philadelphia-kroc/,food_bank,node/2764609490
St. Joan of Arc Church,"2025 East Atlantic Street, Philadelphia, PA, 19134",39.9979151,-75.1026623,Tu-Th 09:00-12:00,osm,PA,+1 215-535-4641,,food_bank,node/2764609493
St. Martin De Porres,"2340 West Lehigh Avenue, Philadelphia, PA, 19132",39.9956786,-75.1698633,Tu-Th 10:00-14:30,osm,PA,+1 215-225-2127,,food_bank,node/2764609496
The House of Prayer,"2327 West Somerset Street, Philadelphia, PA, 19132",39.9976851,-75.1699287,Sa 12:00-14:00,osm,PA,+1 215-225-0425,,food_bank,node/2764609500
The Light House,"152 West Lehigh Avenue, Philadelphia, PA, 19133",39.9909382,-75.1331441,"Tu,Th 07:30+",osm,PA,+1 215-425-7800,,food_bank,node/2764609502
New Hope Food Bank,,37.6241412,-85.5074836,,osm,,,,food_bank,node/2767097132
Interfaith Food Cupboard,"3600 Baring Street, Philadelphia, 19104",39.9609896,-75.1942392,Sa 09:30-11:00,osm,,+1 215-222-7606,,food_bank,node/2767171632
University Lutheran Church of the Incarnation,"3637 Chestnut Street, Philadelphia, 19104",39.9549976,-75.1962589,Tu 17:00-18:00,osm,,+1 215-387-2885,,food_bank,node/2767183644
Ralston Mercy Douglass House,"3817 Market Street, Philadelphia, 19104",39.9570497,-75.1993332,Mo-Sa 08:30-16:30,osm,,+1 215 382 5110,,food_bank,node/2767183653
People's Emergency Center,"3939 Warren Street, Philadelphia, 19104",39.9619611,-75.2016219,Sa 11:00-16:00,osm,,+1 215-382-7522,,food_bank,node/2767196645
Baptist Women's Center,"1428 Poplar Street, Philadelphia, PA, 19130",39.9702672,-75.1609425,We 11:30-13:30,osm,PA,+1 215-235-8070,,food_bank,node/2770602528
Christ Our Redeemer F. W. Baptist Church,"1708 Wylie Street, Philadelphia, PA, 19130",39.9699669,-75.1650137,"Sa[2,4] 11:00-13:00",osm,PA,+1 267-505-3592,,food_bank,node/2770602531
Greater Exodus Baptist Church - People for People,"714 North Broad Street, Philadelphia, PA, 19130",39.9674781,-75.1607029,"Mo,Tu,We,Fr 10:00-13:00",osm,PA,+1 215-235-1394,,food_bank,node/2770602532
Holy Temple Church,"1702 Fairmount Avenue, Philadelphia, PA, 19130",39.9669511,-75.1656044,"Su 13:30-14:30, Sa 10:00-11:00",osm,PA,+1 215-763-2338,,food_bank,node/2770602550
Temple of Divine Love Church,"1518 West Girard Avenue, Philadelphia, PA, 19130",39.9714077,-75.1620511,Tu 13:00-15:00,osm,PA,+1 215-765-4957,,food_bank,node/2770602566
Trinity Baptist Church,"2702 Poplar Street, Philadelphia, PA, 19130",39.9727869,-75.1816225,Sa 09:00-10:00,osm,PA,+1 215-235-0419,,food_bank,node/2770602570
United Methodist Neighbors,"804 North Broad Street, Philadelphia, PA, 19130",39.9683048,-75.1605281,"Mo,Tu,Th 10:00-14:30, Th 12:00+ ""Bag lunch""",osm,PA,+1 215-236-0304,,food_bank,node/2770602580
Saint Cyprian Church,"525 South 63rd Street, Philadelphia, 19143",39.9535358,-75.2483055,"Mo,We 09:30-11:30",osm,,+1 215-747-3250,,food_bank,node/2773789131
Helping Hands for the Hungry,"525 South 63rd Street, Philadelphia, PA, 19143",39.9539702,-75.2483004,Sa 10:00-02:00,osm,PA,+1 215-747-3250,,food_bank,node/2773789138
Emmanuel AME Church,"5917 Chestnut Street, Philadelphia, 19139",39.9604397,-75.2396302,"Tu,Th 10:00-12:00",osm,,+1 215-549-2428,,food_bank,node/2773882606
Eben-ezer Mission,"6135 Market Street, Philadelphia, 19139",39.962487,-75.243927,Fr 08:00-01:30,osm,,+1 267-970-5869,,food_bank,node/2773895342
City of Conquerors,"11 South 63rd Street, Philadelphia, 19139",39.9620697,-75.2465269,Th 10:00-04:00,osm,,+1 215-471-3985,,food_bank,node/2773902849
Life Center of Eastern Deleware Valley,"6310 Market Street, Upper Darby, 19082",39.9625334,-75.2475147,Su-Sa 19:00-20:00,osm,,+1 610-734-5770,,food_bank,node/2773907396
Christ Lutheran Church,"7240 Walnut Street, Upper Darby Township, 19082",39.9574059,-75.2653685,Mo-Fr 08:30-05:00,osm,,+1 610-352-1610,,food_bank,node/2773910670
Mount Caramel Baptist Church,"5732 Race Street, Philadelphia, 19139",39.9643248,-75.2354923,We 09:00-11:00,osm,,+1 215-476-5320,,food_bank,node/2773914877
Holy Temple Community Center,"363 North 60th Street, Philadelphia, PA, 19139",39.9679607,-75.2394253,"Tu,Th 11:00-02:00",osm,PA,+1 215-476-4999,,food_bank,node/2773945683
Calvary Agape Outreach Services,"6114 Haverford Avenue, Philadelphia, 19151",39.9709998,-75.2413984,Mo 10:00-01:00; We 10:00-11:45,osm,,+1 215-472-3460,,food_bank,node/2773948555
Calvin Presbyterian Church,"1401 North 60th Street, Philadelphia, 19151",39.9730508,-75.2394286,Th 11:00-01:00,osm,,+1 215-877-7711,,food_bank,node/2773950555
Good Samaritan Baptist Church,"6148 Lansdowne Avenue, Philadelphia, 19151",39.9754426,-75.2434365,We 09:00-01:00; Fr 10:00-12:00,osm,,+1 215-877-7537,,food_bank,node/2773957376
PJPII Ozanam Center,,41.449693,-81.6301202,,osm,,,,food_bank,node/2781758505
Lombard Central Presbyterian Church,"4201 Powelton Avenue, Philadelphia, 19104",39.959024,-75.2066278,Th-Fr 08:00-11:00; Jul-Aug off,osm,,+1 215-222-3044,,food_bank,node/2807035107
Mt Zion Holy Church,"4110 Haverford Avenue, Philadelphia, 19104",39.962299,-75.2053832,Su[2] 13:30-15:00; We[3] 13:00-15:00,osm,,+1 215-349-6734,,food_bank,node/2807052946
Millcreek Baptist Church,"641 North Preston Street, Philadelphia, PA, 19104",39.9640368,-75.2034892,Tu[2] 10:00-12:00,osm,PA,+1 215-386-2989,,food_bank,node/2807062431
Community Church of God,"4201 Parrish Street, Philadelphia, 19104",39.9680658,-75.2081187,Sa[4] 11:30-13:00,osm,,+1 215-878-0220,,food_bank,node/2807075234
St. Ignatius of Loyola Outreach,"636 North 43rd Street, Philadelphia, PA, 19104",39.9639249,-75.2096164,Tu 10:00-12:00,osm,PA,+1 215-386-5065,https://www.stignatiuswestphilly.com/outreach,food_bank,node/2807099471
Paradise Emmanuel Tabernacle Church,"4704 Woodland Avenue, Philadelphia, 19143",39.9429726,-75.2108481,"We[1],Sa[1] 09:00-12:00",osm,,+1 215-724-9050,,food_bank,node/2807133501
Millennium Baptist Church,"1630 North 52nd Street, Philadelphia, 19131",39.9804664,-75.2250159,We[3] 11:00-13:00; Jul-Aug off,osm,,+1 215-877-1198,,food_bank,node/2829360423
Parkside Association of Philadelphia,"5180 Viola Street, Philadelphia, 19131",39.9807784,-75.2239405,"Th[1,3] 14:00-16:00",osm,,+1 215-877-1198,,food_bank,node/2829360425
St. Philip's Lutheran Church,"5210 Wyalusing Avenue, Philadelphia, 19131",39.96938,-75.2261473,Sa[2] 09:00-12:00,osm,,+1 215-878-2911,,food_bank,node/2829366418
Carroll Park Community Council,"5218 Master Street, Philadelphia, 19131",39.9740631,-75.2271127,"Mo[2,4] 16:00-19:00",osm,,+1 215-877-1157,,food_bank,node/2829371745
Resurrection Baptist Church,"1610 North 54th Street, Philadelphia, 19131",39.9776143,-75.2302814,Tu 11:00-12:45; Th 12:00-13:00,osm,,+1 215-473-9427,,food_bank,node/2829399500
Camphor Memorial United Methodist Church,"5620 Wyalusing Avenue, Philadelphia, 19131",39.9685902,-75.232889,Tu 10:00-11:30,osm,,+1 215-747-2600,,food_bank,node/2829417726
Holy Temple of the Lord and Savior Jesus Christ,"5116 Market Street, Philadelphia, 19131",39.9596623,-75.2236126,Mo 16:00-18:00,osm,,+1 215-474-7656,,food_bank,node/2829418420
Zion Hill Baptist Church,"5301 Spruce Street, Philadelphia, 19139",39.9552753,-75.2287636,"Tu 09:30+ ""closing time not specified""",osm,,+1 215 472 4747,,food_bank,node/2829435667
Sherwood Presbyterian Church,"5543 Willows Avenue, Philadelphia, 19143",39.9425267,-75.2308774,Tu 12:00-13:00; Th 12:00-13:00,osm,,+1 215-747-2685,,food_bank,node/2831788904
Faith Temple Pentecostal Church,"5618 Kingsessing Avenue, Philadelphia, PA, 19143",39.9361203,-75.22479,Tu 10:00-12:00,osm,PA,+1 610-809-6224,,food_bank,node/2831804382
Grace Tabernacle Christian Church,"1509 South 52nd Street, Philadelphia, PA, 19143",39.9391668,-75.2170024,We 13:00-15:00,osm,PA,+1 215-724-8303,,food_bank,node/2831812064
Divine Mercy Parish,"6667 Chester Avenue, Philadelphia, 19142",39.9276537,-75.2402279,Tu-We 09:00-12:00,osm,,+1 215-727-8300,,food_bank,node/2831824250
Catholic Social Services,"6214 Grays Avenue, Philadelphia, 19142",39.9256513,-75.2282744,We 10:00-12:00; Fr 10:00-12:00,osm,,+1 215-724-8550,,food_bank,node/2831830021
Eastwick United Methodist Church,"8321 Lindbergh Boulevard, Philadelphia, 19153",39.8981873,-75.2524304,Mo 12:30-13:30; We 10:00-13:00,osm,,+1 215-365-1810,,food_bank,node/2831877585
United Communities Southeast Philadelphia,"2029 South 8th Street, Philadelphia, PA, 19148",39.9232246,-75.159555,"We,Fr 10:00-12:00",osm,PA,+1 215-468-6111,,food_bank,node/2831886225
St. Gabriel Food Cupboard,"2917 Dickinson Street, Philadelphia, PA, 19146",39.9352091,-75.1932083,Tu-We 09:00-10:30; Fr 09:30-11:30,osm,PA,+1-215-334-2620,,food_bank,node/2831899604
Midcoast Hunger Prevention Program,,43.9115949,-69.9681938,,osm,,,,food_bank,node/2832895337
Church of the Redeemer Baptist,"1440 South 24th Street, Philadelphia, 19146",39.9340033,-75.1845432,Sa[3] 08:00-10:00,osm,,+1-215-465-1230 x110,,food_bank,node/2841478649
Saint Barnabas Bethsaida United Methodist Church,"1814 Wharton Street, Philadelphia, 19146",39.9349891,-75.1744179,Sa[3] 10:00-12:00,osm,,+1 215-468-1999,,food_bank,node/2841486702
St Paul Chapel,"2037 Manton Street, Philadelphia, 19146",39.9371969,-75.1782324,Sa[4] 10:00-14:00,osm,,+1 215-467-4158,,food_bank,node/2841488620
Perfect Peace Music Ministries,"2630 Federal Street, Philadelphia, 19146",39.9387541,-75.1878884,Tu[-1] 11:00-14:00,osm,,+1 267 582 5989,,food_bank,node/2841490069
Christ's Presbyterian Church,"1020 South 10th Street, Philadelphia, 19147",39.9375331,-75.1600072,Su 12:00-14:00,osm,,+1 215 389 2281,,food_bank,node/2841496924
Neighborhood House Food Pantry,"1315 Oak Street, Rochester, 48307",42.691975,-83.1378279,,osm,,,,food_bank,node/2852949995
Union Baptist Outreach Ministries,"1910 Fitzwater Street, Philadelphia, 19146",39.9427231,-75.1745632,"Fr[-3,-2,-1] 11:00-13:30",osm,,+1 215-735-7273,,soup_kitchen,node/2862375356
"Waters Memorial Community, Inc.","609 South Clifton Street, Philadelphia, PA, 19147",39.9426553,-75.1597735,We[3] 15:00-17:00,osm,PA,+1 215-923-4056,,food_bank,node/2862404194
Bethel Fellowship Franklin Mills,"903 Franklin Mills Circle, Philadelphia, 19154",40.0953715,-74.9580938,Mo-Tu 10:00-13:00; We 14:00-17:00;Th 10:00-13:00,osm,,+1 215 824 3000,,food_bank,node/2862431601
Feast of Justice,"3101 Tyson Avenue, Philadelphia, 19149",40.0372483,-75.0528417,"Tu,Fr 09:00-11:30; Th 16:00-18:00; Sa 14:00-16:30",osm,,+1 215 268 3510,,food_bank,node/2863117807
Triumphant Faith International Worship Center,"5316 Rising Sun Avenue, Philadelphia, 19120",40.0310158,-75.1181258,"We,Sa[3] 10:00-12:00",osm,,+1 215-324-7376,,food_bank,node/2870994334
Greater Philadelphia Asian Social Services,"4943 North 5th Street, Philadelphia, PA, 19120",40.0269393,-75.1324369,"Tu[2,4] 09:00+",osm,PA,+1 215-456-1663,https://www.gpasspa.org/,food_bank,node/2871030747
Incarnation of Our Lord,"5105 North 5th Street, Philadelphia, 19120",40.0288989,-75.1319655,We 13:00-15:00; Th 09:00-12:00,osm,,+1 215-284-7959,,food_bank,node/2871030748
St. Paul's Evangelical Lutheran Church,"5900 North 5th Street, Philadelphia, 19120",40.0414224,-75.1298682,Mo 09:00-12:00; We 09:00-12:00,osm,,+1 215-424-4800,,food_bank,node/2871036238
St. Mark's Lutheran Church,"1420 Chelten Avenue, Philadelphia, PA, 19126",40.0502888,-75.1428335,Tu 10:00-14:30,osm,PA,+1 215-224-1145,,food_bank,node/2872793917
Giving of Self Partnership,"6101 Limekiln Pike, Philadelphia, PA, 19141",40.046721,-75.1488372,"Mo 12:00-16:00; Tu-We 10:00-12:30, 13:30-16:00; Fr 10:00-12:30, 13:30-16:00",osm,PA,+1 215-927-6100,,food_bank,node/2874444433
Catholic Social Services (Casa del Carmen),"4400 North Reese Street, Philadelphia, 19140",40.0188324,-75.1350077,Mo 08:30-13:45; We 08:30-13:45,osm,,+1 215-329-5660,,food_bank,node/2874455207
Harold O. Davis Memorial Baptist Church,"4500 North 10th Street, Philadelphia, 19140",40.0209342,-75.1419375,We 11:00-13:00,osm,,+1 215-324-1031,,food_bank,node/2874470129
First Redemption Church,"4400 North Broad Street, Philadelphia, 19140",40.0206151,-75.1489878,Sa 10:00-14:00,osm,,+1 215-457-5430,,food_bank,node/2874470131
East Bethel Baptist Church,"1329 West Erie Avenue, Philadelphia, 19140",40.0094652,-75.1502224,Sa 12:00-14:00,osm,,+1 215-226-6738,,food_bank,node/2874494298
Ford Memorial Temple,"4031 Germantown Avenue, Philadelphia, 19140",40.0156446,-75.1533981,Sa[2] 08:30-11:30,osm,,+1 215-225-5069,,food_bank,node/2874494299
Zion Community Center,"3601 North Broad Street, Philadelphia, 19140",40.0078216,-75.1509841,Tu 09:00-11:30,osm,,+1 215-223-8576,,food_bank,node/2874495601
Triumph Baptist Church,"1648 West Hunting Park Avenue, Philadelphia, 19140",40.015365,-75.1540554,We 09:00-15:00,osm,,+1-215-228-8000,,food_bank,node/2874510377
Abyssinian Baptist Church,"4202 Germantown Avenue, Philadelphia, 19140",40.0183165,-75.1557601,"Th 10:00-14:00 ""may vary""",osm,,+1 215-324-1981,,food_bank,node/2874513773
Thankful Learning Center,"3200 North 17th Street, Philadelphia, 19140",40.0027348,-75.1579365,Th-Fr 13:00-16:00,osm,,+1 215-226-5544,,food_bank,node/2874763863
Memorial Tabernacle Baptist Church,"2249 West Hunting Park Avenue, Philadelphia, 19140",40.0103584,-75.1663636,Mo 10:00-14:00; We 10:00-14:00,osm,,+1 215-229-5060,,food_bank,node/2874766815
North Light Community Center Food Bank,,40.0287487,-75.2242719,Mo 13:00-15:00; Fr 13:00-15:00,osm,,+1-215-483-4800,,food_bank,node/2874797404
Kitchen of Love,"1536 Wadsworth Avenue, Philadelphia, 19150",40.0798167,-75.1736315,Th-Fr 09:00-11:00,osm,,+1 215-200-8256,,food_bank,node/2874953161
Remnant Church of God,"7708 Ogontz Avenue, Philadelphia, 19150",40.0712148,-75.1577932,We 15:00-17:00,osm,,+1 215-924-2610,,food_bank,node/2874953162
Masjidullah Community Development,"7700 Ogontz Avenue, Philadelphia, 19150",40.0708802,-75.1576779,Sa[-1] 08:00-10:00,osm,,+1 215-424-8022,,food_bank,node/2874953163
Food Distribution Center,"41-42 Murray Street, 11355",40.7617545,-73.8125082,,osm,,,,food_bank,node/2882557568
People's Emergency Center - Rowan House,"325 North 39th Street, Philadelphia",39.9604781,-75.1996502,Sa 00:00-24:00,osm,,,,food_bank,node/2895846728
St. Lucy's Food Pantry,,43.0430916,-76.1617401,,osm,,,,food_bank,node/2896090155
Bishop's Storehouse,"4090 Center Park Drive, 80916",38.8118476,-104.7510855,,osm,,+1-719-550-1158,http://www.lds.org,food_bank,node/3090260142
Harvest of Hope,"2960 Valmont Road, Boulder, CO",40.0287644,-105.254629,Mo-Sa 13:00-15:00,osm,CO,+1-720-382-1971,,food_bank,node/3145956047
Bridge House,"1120 Pine Street, Boulder, CO, 80302",40.0195751,-105.280793,10:00-13:00,osm,CO,+1-303-442-8300,https://boulderbridgehouse.org/,food_bank,node/3196460059
Meals on Wheels People,"541 Southeast Baseline Street, Hillsboro, 97123",45.5202886,-122.9815884,,osm,,,,food_bank,node/3284400757
Acts Resource Center Food Bank,"3405 Downing Street, Denver, CO, 80205",39.7647072,-104.9735932,,osm,CO,,,food_bank,node/3333556655
Salvation Army Food Pantry,4500 South Claiborne Avenue,29.939777,-90.1049528,,osm,,,,food_bank,node/3344247046
Grant Avenue Street Reach Soup Kitchen,"1600 Grant Street, Denver, CO, 80203",39.7418868,-104.9832919,,osm,CO,,,food_bank,node/3386138599
Little Free Pantry,"1321 Filbert St, Baltimore, MD",39.2250178,-76.5919934,,osm,MD,,,food_bank,node/3432391425
Bethel Outreach Center,"1429 McCulloh Street, Baltimore, MD, 21217",39.3040797,-76.6294166,,osm,MD,+1-410-728-2557,,food_bank,node/3432399718
Our Place Soup Kitchen,"3215 West Belvedere Avenue, Baltimore, MD, 21215",39.3482977,-76.6762781,,osm,MD,,,food_bank,node/3432414421
Assisi House of St. Patrick Church,"318 South Regester Street, Baltimore, MD, 21231",39.2870733,-76.5925346,,osm,MD,+1-410-276-5809,,food_bank,node/3432416615
Christ Body Ministries,"850 Lincoln Street, Denver, CO, 80203",39.7300007,-104.9857898,,osm,CO,,,food_bank,node/3444544695
Howard County Food Bank,"8920 Old Annapolis Road, Columbia, MD, 21045",39.2284503,-76.821499,,osm,MD,+1-410-313-6185,,food_bank,node/3575546899
Friday Harbor Food Bank,"500 Market Street, Friday Harbor, WA, 98250",48.5303005,-123.0205396,,osm,WA,+1-360-378-9880,https://fridayharborfoodbank.weebly.com/,food_bank,node/3593351377
Altadena S.D.A. Church - Food Bank,"2609 North Lincoln Avenue, Altadena, CA, 91001",34.1905714,-118.1590834,"Tu[2,4] 09:00-12:00",osm,CA,+1-626-794-3953,,food_bank,node/3646860883
Eastmont Community Center - Food Bank,"701 Hoefner Avenue, Los Angeles, CA, 90022",34.0210673,-118.1498999,Mo-Fr 09:00-11:00,osm,CA,+1-323-726-7998,,food_bank,node/3646871294
St. Francis Center - Food Bank,"1835 South Hope Street, Los Angeles, CA, 90015",34.0339159,-118.2695622,"Tu-Th 11:00-24:00, Sa 11:00-24:00",osm,CA,+1-213-747-5347,,food_bank,node/3646948889
Ecumenical Council of Pasadena Area Congregations - Food Bank,"1330 Los Robles Avenue, Pasadena, CA, 91104",34.1687097,-118.1413392,"Tu,We 09:00-15:00",osm,CA,+1-626-797-2402,,food_bank,node/3646951250
Berean S.D.A. Church Food Bank,"4211 West Adams Boulevard, Los Angeles, CA, 90018",34.0328208,-118.3309917,Th[3] 09:00-11:00,osm,CA,+1-323-735-0228,,food_bank,node/3646952322
Saint Lawrence of Brindisi Food Bank,"10122 Compton Avenue, Los Angeles, CA, 90002",33.9444597,-118.245906,"Tu,Th 07:00-08:30",osm,CA,+1-323-567-1439,,food_bank,node/3646956173
Santa Clarita Valley Food Pantry,"24133 Railroad Avenue, Newhall, CA, 91321",34.3765458,-118.5251322,Fr[3] 09:00-12:00,osm,CA,+1-661-255-9078,,food_bank,node/3646961456
North Hollywood Interfaith Food Pantry,"4390 Colfax Avenue, Los Angeles, CA, 91604",34.1499888,-118.3872871,"Mo,Fr 08:30-13:00",osm,CA,+1 818-760-3575,,food_bank,node/3646962244
Saint Thomas Center Food Bank,"2727 West Pico Boulevard, Los Angeles, CA, 90006",34.0469193,-118.2989615,Sa[1-3] 07:00-09:00,osm,CA,+1-323-737-3325,,food_bank,node/3681611344
WIC Food Center,,33.4836462,-89.7354332,,osm,,,,food_bank,node/3692404469
Good News Prayer Center,"1722 Firestone Boulevard, Los Angeles, CA, 90001",33.9599665,-118.2423767,Sa[3] 10:00-12:00,osm,CA,+1-323-753-0117,,food_bank,node/3692741205
Pilgrim's Hope Baptist Church,"7016 Compton Avenue, Los Angeles, CA, 90001",33.9758947,-118.247377,We[2] 09:00-11:00,osm,CA,+1-323-581-7672,,food_bank,node/3692761519
Presentation of Mary Catholic Church,"6406 Parmelee Avenue, Los Angeles, CA, 90001",33.9814666,-118.2497367,Sa[3] 07:30-08:30,osm,CA,+1-323-585-0570,,food_bank,node/3692761569
Travelers Rest Missionary Baptist Church,"1417 East Florence Avenue, Los Angeles, CA, 90001",33.9749574,-118.2493437,We 11:00-13:00,osm,CA,+1-323-582-7797,,food_bank,node/3692804594
Food Net-Florence Firestone Center,"7807 Compton Avenue, Los Angeles, CA, 90001",33.9677927,-118.2479182,Tu[2] 09:00-13:00,osm,CA,+1-323-586-6502,,food_bank,node/3692812006
Church of the Epiphany Food Pantry,"2808 Altura Street, Los Angeles",34.0752878,-118.2127842,"Fr[2,4] 10:30-11:30",osm,,+1-323-227-9931,,food_bank,node/3694518547
Sacred Heart Church Food Pantry,"2210 Sichel Street, Los Angeles",34.0702989,-118.2126901,"Th[1,3] 10:00-12:30",osm,,+1-323-221-3179,,food_bank,node/3694520596
Los Angeles Boys & Girls Club Food Pantry,"2635 Pasadena Avenue, Los Angeles",34.0779254,-118.2154895,Th 17:00-18:00,osm,,+1-323-221-9111,,food_bank,node/3694522871
Our Lady of Guadalupe Church Food Bank,"4509 Mercury Avenue, Los Angeles",34.0861155,-118.1902318,Mo-We 07:30-08:30,osm,,+1-323-225-4201,,food_bank,node/3694529413
All Saints Conference Food Pantry,"3431 Portola Avenue, Los Angeles",34.0856733,-118.1728243,"Fr[2,4] 15:00-17:00",osm,,+1 323-221-5452,,food_bank,node/3697979357
Cory's Kitchen-El Sereno Food Pantry,"4810 Huntington Drive South, Los Angeles",34.0851667,-118.1797553,Mo 16:30-18:30,osm,,+1-323-972-1330,,food_bank,node/3697987807
White Memorial S.D.A. Church Food Pantry,"401 State Street, Los Angeles",34.0496589,-118.215893,Tu 10:00-12:00,osm,,+1-323-264-2170,,food_bank,node/3697988977
Our Lady of Talpa Church Food Pantry,427 South Evergreen Avenue,34.0368278,-118.2048741,Tu[3] 13:00-15:00,osm,,+1-323-268-7731,,food_bank,node/3697992922
Catholic Charities - Brownson House Food Pantry,"1307 Warren Street, Los Angeles",34.0521055,-118.220194,Mo-Fr 09:00-13:00,osm,,+1-323-264-8700,,food_bank,node/3697993774
Iglesia Pentecostes Roca de Salvacion Food Pantry,"122 South Evergreen Avenue, Los Angeles",34.0397377,-118.2024829,Sa 15:00-16:00,osm,,+1-323-832-5313,,food_bank,node/3698750067
JFS/SOVA Community Food & Resource Program Food Pantry,"8846 Pico Boulevard, Los Angeles",34.0547356,-118.3848267,"Mo,We,Fr 10:00-13:30; Su[1,3] 09:00-12:00",osm,,+1 818-988-7682,,food_bank,node/3699223196
Spanish American S.D.A. Church Food Pantry,"1815 Bridge Street, Los Angeles",34.0516144,-118.215205,We 18:00-19:30,osm,,+1-323-222-7063,,food_bank,node/3699274203
East LA Community Corporation Food Pantry,"611 South Lorena Street, Los Angeles",34.0306389,-118.199531,Fr 09:00-11:00,osm,,+1-323-269-4214,,food_bank,node/3699274937
University S.D.A. Church Food Pantry,"1135 Martin Luther King Junior Boulevard, Los Angeles",34.0111333,-118.2957046,We 13:00 - 14:30,osm,,+1-323-766-9889,,food_bank,node/3699276746
Holy Cross Center Food Pantry,"104 West 47th Street, Los Angeles",34.0008867,-118.2743369,"Mo,We,Fr 09:00-11:00",osm,,+1-323-232-3333,,food_bank,node/3699281910
Bethel Unspeakable Joy Christian Church,"8724 S. Central Avenue, Los Angeles, CA, 90002",33.9585338,-118.2561758,"Sa[2,4] 08:00-10:00",osm,CA,+1-323-585-5939,https://www.g12joy.net/,food_bank,node/3702219084
Iglesia Macedonia Defenders of the Christian Faith,"9218 S. Central Avenue, Los Angeles, CA, 90002",33.9525781,-118.2557053,Tu 19:00-20:00,osm,CA,+1-323-804-6615,,food_bank,node/3702240860
Estelle Van Meter Multipurpose Center,"7600 South Avalon Boulevard, Los Angeles, CA, 90003",33.9709509,-118.264979,"We[1,3] 10:30-11:30",osm,CA,+1-323-753-3881,,food_bank,node/3702248893
Celestial Church of Christ Ebenezery Parish,"8803-8807 South Broadway, Los Angeles, CA, 90003",33.9570828,-118.2785032,Sa 11:00-13:30,osm,CA,+1-323-752-4400,http://www.cccebenezeryparish.com/394766082,food_bank,node/3702254727
Greater New Morning Star Baptist Church,"210 West Florence Avenue, Los Angeles, CA, 90003",33.9744788,-118.276576,Sa 08:00-11:00,osm,CA,+1-323-529-4446,,food_bank,node/3702280334
Gospel Mission Baptist Church,"7301 Avalon Boulevard, Los Angeles, CA, 90003",33.9735424,-118.2653434,We[4] 11:00-12:00,osm,CA,+1-323-759-8087,https://www.gospelmissionmbc.org/,food_bank,node/3704071714
Greater New Unity Baptist Church,"9719 Avalon Boulevard, Los Angeles, CA, 90003",33.9476905,-118.2654242,Sa[3] 08:30-10:00,osm,CA,+1-323-757-5094,,food_bank,node/3704077901
Vision of Hope Outreach Ministry,"5951 South San Pedro Street, Los Angeles, CA, 90003",33.9859366,-118.2697051,"Sa[2,4] 15:00-16:00",osm,CA,+1-323-233-4647,,food_bank,node/3704107937
San Pedro Temple Corps,"138 South Bandini Street, Long Beach, CA, 90731",33.7427754,-118.298784,"Fr 09:00-12:00,14:00-15:00",osm,CA,+1-310-832-7228,,food_bank,node/3707405933
Bread of Life Community Outreach,"628 South Street, Long Beach, CA, 90805",33.85998,-118.1846555,We[2] 10:30-11:30,osm,CA,+1-562-428-5422,,food_bank,node/3707408683
Filipino Baptist Fellowship of Long Beach,"2155 Atlantic Avenue, Long Beach, CA, 90806",33.7963468,-118.1851488,Sa[3] 10:00-13:00,osm,CA,+1-310-212-5175,,food_bank,node/3707416023
First Southern Baptist Church of Long Beach,"3435 San Anseline Avenue, Long Beach, CA, 90808",33.8197952,-118.1209908,Sa[3] 10:00-12:00,osm,CA,+1-562-422-8027,,food_bank,node/3707422331
First Southern Baptist Church of Long Beach,"3435 San Anseline Avenue, Long Beach, CA, 90808",33.8197952,-118.1209908,Sa[3] 10:00-12:00,osm,CA,+1-562-422-8027,,food_bank,node/3707422332
"Helping In Services, Inc.","1535 Gundry Avenue, Long Beach, CA, 90813",33.7867728,-118.1742547,"Fr[1,3] 09:00-12:00",osm,CA,+1-562-591-8778,,food_bank,node/3707424469
Long Beach Lutheran Social Services,"1611 Pine Avenue, Long Beach, CA, 90813",33.7874666,-118.1925503,"Mo-Th 10:00-12:00,12:30-14:00",osm,CA,+1-562-599-1321,,food_bank,node/3707440978
Rock Solid Christian Assembly,"867 West 10th Street, San Pedro, CA, 90731",33.7350778,-118.2961376,"Su[2,4] 12:30-13:30",osm,CA,+1-310-832-2788,,food_bank,node/3707445798
Rosewood Revitalization Group,"4101 Rosewood Avenue, Los Angeles, CA, 90004",34.0793082,-118.2933083,Fr[3] 15:30-16:30,osm,CA,+1-323-662-1194,https://www.lowincomehousing.us/det/ca_Rosewood_Revitalization_Group,food_bank,node/3707452005
St. Peter and Paul Poverty Program,"943 Lagoon Avenue, Wilmington, CA, 90744",33.7824325,-118.2682216,"Mo,Tu,Th 09:00-11:00",osm,CA,+1-310-952-0144,,food_bank,node/3707452006
Los Angeles Housing Partnership / Rosewood Gardens Senior Apartments,"504 North Berendo Street, Los Angeles, CA, 90004",34.0792449,-118.2939051,Fr[1] 15:30-16:30,osm,CA,+1-213-629-9172,https://www.lahousingpartnership.com/Property_RosewoodGardens.html,food_bank,node/3707452551
Nuevo Amanecer,"1035 North Avalon Boulevard, Wilmington, CA, 90744",33.7837528,-118.2628791,"Sa[1,3] 10:00-11:00",osm,CA,+1-310-847-6937,,food_bank,node/3707454541
City of Truth Ministries,"23400 South Avalon Boulevard, Carson, CA, 90745",33.8123413,-118.2604819,Sa[3] 10:00-12:00,osm,CA,+1-310-617-2914,,food_bank,node/3707457056
City of Truth Ministries,"1139 Suite D East Dominguez Street, Carson, CA, 90746",33.8406692,-118.254978,"Su[2,4] 12:30-14:00",osm,CA,+1-310-669-8300,,food_bank,node/3707460891
First Unitarian Church of Los Angeles,"2936 W. 8th St, Los Angeles, CA, 90005",34.0575414,-118.2902212,Sa 08:00-10:00,osm,CA,+1 213 389 1356,https://www.uula.org/,food_bank,node/3714502465
First Baptist Church of Los Angeles,"760 South Westmoreland Avenue, Los Angeles, CA, 90005",34.0582733,-118.2889654,Fr 08:00-09:30,osm,CA,+1-213-384-2151,https://fbcofla.org/,food_bank,node/3714508380
Central Spanish Seventh Day Adventist Church,"1366 South Alvarado Street, Los Angeles, CA, 90006",34.0456589,-118.2834673,Sa[4] 17:00-18:00,osm,CA,+1-818-649-0893,https://www.centralspanish.org/,food_bank,node/3724115711
St Agnes Church,"2625 S. Vermont Ave, Los Angeles, CA, 90007",34.0319144,-118.2918378,"Mo-Tu,Th-Fr 09:00-10:30",osm,CA,+1-323-731-2464,,food_bank,node/3724125231
Los Angeles Central City Seventh-day Adventist Church,"650 West 21st Street, Los Angeles, CA, 90007-2030",34.0328124,-118.275261,Tu[3] 12:00-14:00,osm,CA,+1-213-749-9646,https://losangelescentralcity22.adventistchurchconnect.org/,food_bank,node/3724139450
Holy Trinity Church of God in Christ,"9706 South Broadway, Los Angeles, CA, 90003",33.9480202,-118.2779605,Sa 12:00-14:00,osm,CA,+1-323-777-2965,,food_bank,node/3728605465
St. John's Cathedral-Hope Net,"514 West Adams Boulevard, Los Angeles, CA, 90007",34.0274444,-118.2756105,"Su[1,3] 12:30-13:30",osm,CA,+1-213-747-6285,,food_bank,node/3732301010
Redeemer Missionary Baptist Church,"1631 West Adams Boulevard, Los Angeles, CA, 90007",34.0330405,-118.2983637,"Sa 10:00-13:00 ""biweekly""",osm,CA,+1-323-732-4124,,food_bank,node/3732303744
Christ the Good Shepherd Episcopal,"3303 West Vernon Avenue, Los Angeles, CA, 90008",34.0041338,-118.3296221,Fr[4] 10:00-13:00,osm,CA,+1-323-295-4139,,food_bank,node/3732303798
Crenshaw United Methodist Church,"3740 Don Felipe Drive, Los Angeles, CA, 90008",34.0069031,-118.340823,Sa[3] 10:00-12:00,osm,CA,+1-323-292-0141,,food_bank,node/3732307700
Good News Missionary Baptist Church,"2400 West Vernon Avenue, Los Angeles, CA, 90008",34.0034278,-118.3194002,"Th[2,4] 11:00-13:00",osm,CA,+1-323-292-3589,,food_bank,node/3732309098
All Peoples Christian Center,"822 East 20th Street, Los Angeles, CA, 90011",34.0256794,-118.2565427,Fr 12:00-17:00,osm,CA,+1 213-747-6357,,food_bank,node/3732360544
St. Philip's Episcopal Church,"2800 Stanford Avenue, Los Angeles, CA, 90011",34.0192692,-118.2602039,"Tu[2,4] 07:30-08:30",osm,CA,+1-323-291-8917,,food_bank,node/3732371254
Cover the Homeless Ministry,"4425 Central Avenue, Los Angeles, CA, 90011",34.0031354,-118.2568565,Th[-1] 12:00-13:00,osm,CA,+1-323-931-5468,,food_bank,node/3732371731
Saint Mark Missionary Baptist,"5017 Compton Avenue, Los Angeles, CA, 90011",33.9970811,-118.2480908,We 08:00-10:00,osm,CA,+1 323-231-1040,,food_bank,node/3732372419
HOAP Inc.,"5014 Avalon Boulevard, Los Angeles, CA, 90011",33.9974462,-118.2649809,Th 10:30- 12:30,osm,CA,+1-323-232-7256,,food_bank,node/3732396908
Victory Baptist Church,"4802 McKinley Avenue, Los Angeles, CA, 90011",34.0000902,-118.2607215,Fr 07:30-09:30,osm,CA,+1-323-231-2424,,food_bank,node/3732396909
Our Lady Queen of Angels Catholic Church,"535 North Main Street, Los Angeles, CA, 90012",34.0571561,-118.2397573,Fr 08:00-11:00,osm,CA,+1-213-629-3101,,food_bank,node/3732403713
Fred Jordan Mission,"445 Towne Avenue, Los Angeles, CA, 90013",34.0433591,-118.2420051,Mo-Fr 12:00-13:00,osm,CA,+1-213-489-7763,,food_bank,node/3732406243
Salvation Army- L.A. Central Corp,"906 Francisco Street, Los Angeles, CA, 90015",34.0467673,-118.2647127,"Mo-Th 09:00-12:00,13:00-16:00",osm,CA,+1-213-896-9178,,food_bank,node/3732412732
West Adams Church of Christ,"4959 West Adams Boulevard, Los Angeles, CA, 90016",34.0328042,-118.348519,Fr[4] 10:00-11:00; Sa[3] 12:00-14:00,osm,CA,+1-323-731-6672,,food_bank,node/3734961159
First African Methodist Episcopal Church,"2270 South Harvard Boulevard, Los Angeles, CA, 90018",34.035007,-118.306226,Sa[4] 09:00-12:00,osm,CA,+1-323-735-1251,,food_bank,node/3734961926
Trinity Baptist Church L.A.,"2040 West Jefferson Boulevard, Los Angeles, CA, 90018",34.0251586,-118.3162896,We 09:30-10:45,osm,CA,+1-323-735-0044,,food_bank,node/3734962088
First Presbyterian Church,"1809 West Boulevard, Los Angeles, CA, 90019",34.0406392,-118.3371679,Sa[3] 09:00-11:00; Su[1] 13:00-14:00,osm,CA,,,food_bank,node/3736232516
Koreatown Multipurpose Senior,"2147 West Washington Boulevard, Los Angeles, CA, 90018-1540",34.040168,-118.3080338,Tu 08:30-11:30,osm,CA,+1-213-247-3560,,food_bank,node/3736234946
Skagit Valley Neighbors in Need,"1615 South 2nd Street, Mount Vernon, 98273",48.4099835,-122.3382059,,osm,,,,food_bank,node/3741788217
Christian Association for Social Services,"5814 Venice Boulevard, Los Angeles, CA, 90019",34.041485,-118.3661857,"Fr[1,3],Sa[1,3] 10:00-13:00",osm,CA,+1-323-936-9481,,food_bank,node/3744291525
"Ananda Marga of LA, Inc.","1245 South Norton Avenue, Los Angeles, CA, 90019",34.048329,-118.3237945,"Th,Fr 09:30-10:30",osm,CA,+1-818-414-7737,,food_bank,node/3744301038
Los Angeles First Church of the Nazarene-Hope Net,"3401 West 3rd Street, Los Angeles, CA, 90020",34.0695168,-118.2899987,Fr 16:00-18:00,osm,CA,+1-213-385-6345,,food_bank,node/3744303552
Wilshire Presbyterian Church-Hope Net,"309 South Oxford Avenue, Los Angeles, CA, 90020",34.0685936,-118.3081733,Mo 11:00-12:00,osm,CA,+1-213-387-5387,,food_bank,node/3744308818
Islamic Center of Southern CA-Hope Net,"434 South Vermont Avenue, Los Angeles, CA, 90020",34.0665228,-118.2913424,,osm,CA,,,food_bank,node/3744318766
Charismatic Ecumencial Ministries International,"4357 West 3rd Street, Los Angeles, CA, 90020",34.0688003,-118.309678,,osm,CA,+1-213-219-3228,,food_bank,node/3744322573
Ridgewood Church Food Pantry,,40.5157144,-80.0223214,,osm,,,,food_bank,node/3748574787
Keyport Ministerium Food Pantry,"42 Elizabeth Street, Keyport, NJ, 07735",40.4347399,-74.1988072,"Tu,Th 09:30-11:30",osm,NJ,+1 732-888-1986,https://keyportfoodpantry.org/,food_bank,node/3783418981
Caz Cares,"101 Nelson Street, Cazenovia, NY, 13035",42.9261956,-75.8399379,,osm,NY,,https://cazcares.org/,food_bank,node/3784068581
Iglesia la Puerta Abierta Food Bank,"5017 Olympic Boulevard, Los Angeles, 90022",34.0173652,-118.1621686,We 19:00-19:30,osm,,,,food_bank,node/3889304927
Door of Hope Community Center Food Bank,"1414 Atlantic Boulevard, Los Angeles, 90022",34.0122988,-118.1591451,"Mo,Th 09:00-11:00",osm,,,,food_bank,node/3889357557
East L.A. Bilingual S.D.A. Church Food Bank,"700 Hoefner Avenue, Los Angeles, 90022",34.020976,-118.1494998,"Sa[1,3] 12:00-12:45; We 17:30-18:30",osm,,,,food_bank,node/3889387183
Iglesia Apostolica Manantial de Vida Food Bank,"6034 East Olympic Boulevard, Los Angeles, 90022",34.0134771,-118.1428426,Tu 19:00-20:00,osm,,,,food_bank,node/3889405970
Eastmont S.D.A. Spanish Church Food Bank,"1021 Westside Drive, Los Angeles, 90022",34.0134104,-118.1376123,Mo 19:30-20:00,osm,,,,food_bank,node/3889411360
Food Net-Centro Maravilla food bank,"4716 Cesar E Chavez Avenue, Los Angeles, 90022",34.040816,-118.164547,"Mo,Tu,Fr 08:30-16:00",osm,,,,food_bank,node/3889417340
Estrada Courts Community Center Food Bank,"3232 Hunter Street, Los Angeles, 90023",34.0214922,-118.2086505,,osm,,,,food_bank,node/3889783157
Chinese Community Service Center,"1725 Beverly Boulevard, Los Angeles, 90026",34.0653936,-118.2665761,"7/1, Tuesdays and 8/3 Sundays 9 a.m. - 12 p.m.",osm,,,,food_bank,node/3889786452
St. Athanasius & St. Paul Church,"840 Echo Park Avenue, Los Angeles, 90026",34.0731222,-118.2594227,Fr 08:00-10:30,osm,,,,food_bank,node/3889788317
Filipino Christian Church Food Bank,"301 North Union Avenue, Los Angeles, 90026",34.0675421,-118.2643284,,osm,,,,food_bank,node/3889792242
Pilipino Worker Center of Southern California Food Bank,"153 Glendale Boulevard, Los Angeles, 90026",34.0634381,-118.2601764,Fr 18:00-19:00,osm,,,,food_bank,node/3889805494
Albion Food Hub,"112 E. Erie, Albion, MI, 49224",42.2440956,-84.7525801,,osm,MI,,,food_bank,node/3895886606
Salvation Army Food Bank,,35.0491324,-118.1707771,,osm,,,,food_bank,node/3977061532
Fall Mountain Food Shelf,,43.1625152,-72.3797624,,osm,,,,food_bank,node/4032288398
Loami Area Food Pantry,,39.6750898,-89.847022,,osm,,,,food_bank,node/4053469398
Moorpark Human Services Center,,34.2842586,-118.8740978,,osm,,,,food_bank,node/4062529432
Hopeworks,1201 3rd Street Northwest,35.0960563,-106.649191,,osm,,,,soup_kitchen,node/4080827166
Freedom Worship Center,"1625 South 58th Street, Philadelphia, PA, 19143",39.9385361,-75.2319893,We[2] 17:00-18:30,osm,PA,+1 267-342-3069,,food_bank,node/4120151969
Friends of the Kingsessing Library Food Pantry,"1201 South 51st Street, Philadelphia, PA, 19143",39.942075,-75.2182486,Th[3] 14:00-16:30,osm,PA,+1 267-315-9428,,food_bank,node/4120151970
Mt. Airy Church of God in Christ,"6401 North 18th Street, Philadelphia, PA, 19126",40.0521403,-75.1491977,Sa[4] 10:00-13:00,osm,PA,+1 215-276-2960,,food_bank,node/4121796394
Center in the Park,"5818 Germantown Avenue, Philadelphia, PA, 19144",40.0365903,-75.176281,Mo-Fr 08:30-16:30,osm,PA,+1 215-848-7722,,food_bank,node/4121796395
The Food Cupboard at Church of the Annunciation,"324 Carpenter Lane, Philadelphia, PA, 19083",40.0494066,-75.1926112,Tu 10:00-13:00,osm,PA,+1-267-230-2678,,food_bank,node/4124474074
Germantown SDA Church,"200 East Cliveden Street, Philadelphia, PA, 19119",40.0494455,-75.179679,,osm,PA,+1 215-756-1388,,food_bank,node/4124474076
Harambe Baptist Church,"5648 East Woodlawn Street, Philadelphia, PA, 19138",40.0445168,-75.1648289,Tu-Th 13:00-15:00,osm,PA,+1 215-849-8693,,food_bank,node/4124479351
B.G. Christian Food Pantry,"419 Gould Street, Bowling Green, OH, 43402",41.3713651,-83.645343,Mo-Sa 13:00-15:00; Tu off; Th 18:00-20:00,osm,OH,,,food_bank,node/4190787237
Saint Vincent de Paul Society Food Pantry,,41.3734393,-83.6463812,,osm,,,,food_bank,node/4190874357
Immanuel Presbyterian Church-Hope Net,"3300 Wilshire Boulevard, Los Angeles, CA, 90010",34.0612707,-118.2945281,Sa 09:30-11:30,osm,CA,+1-213-389-3191,,food_bank,node/4265283713
Issaquah Food & Clothing Bank,"179 1st Avenue Southeast, Issaquah, WA, 98027",47.5286811,-122.034935,Mo-Fr 08:00-16:00,osm,WA,+1-425-392-4123,https://issaquahfoodbank.org/,food_bank,node/4265344373
Adventist Community Services,"11117 Northeast 189th Street, Battle Ground, WA, 98604",45.758244,-122.5581011,Tu 13:00-17:30; Th 10:00-16:00,osm,WA,+1-360-687-3459,https://www.communityservices.org/,food_bank,node/4303757439
Bienvenidos Food Bank,"3810 Pecos Street, Denver, CO, 80211",39.7695949,-105.0062592,,osm,CO,,,food_bank,node/4324590916
Fish,,45.6283947,-122.6795842,,osm,,,,food_bank,node/4331337967
Fuquay Varina Emergency Food Pantry,"214 West Academy Street, Fuquay-Varina, NC, 27526",35.5845234,-78.8014237,Tu 09:00-11:45; Th 15:00-17:45,osm,NC,+1-919-552-7720,,food_bank,node/4368517960
Yarmouth Community Food Pantry,,43.7987768,-70.1836182,,osm,,,,food_bank,node/4457365489
Barb Food Market,"900 East Garden Street, DeKalb, IL, 60115",41.9227037,-88.7459324,Th 16:30-18:00,osm,IL,,,food_bank,node/4502628568
Berkeley Food Pantry,"1600 Sacramento Street, Berkeley, CA, 94702",37.8763732,-122.2832523,,osm,CA,+1-510-525-2280,https://www.berkeleyfoodpantry.org/,food_bank,node/4505134119
The Salvation Army,"1515 Birchwood Avenue, 98225",48.7749612,-122.492497,Mo-Sa 08:30-17:15,osm,,+1-360-773-1350,,food_bank,node/4599037389
Loveland LIFE Food Pantry,,39.2706524,-84.2834864,,osm,,+1-513-583-8222,https://www.lovelandlifefoodpantry.org/,food_bank,node/4624811846
Casa Catalina,"4537 South Ashland Avenue, Chicago, IL, 60609",41.8111882,-87.6647591,,osm,IL,,,food_bank,node/4641398471
Food Bank,,46.8224936,-123.0964312,,osm,,,,food_bank,node/4646769825
Sandy Bishops' Storehouse,,40.5993015,-111.8743164,,osm,,,,food_bank,node/4660437320
Senior Meals,,46.8225769,-123.0941906,,osm,,,,food_bank,node/4666435002
Calwa Community Food Bank,,36.7091227,-119.7577956,,osm,,,,food_bank,node/4702339026
Community Care Center - Braidwood (Food Pantry),"112 South Center Street, Braidwood, IL, 60408",41.2640326,-88.2175124,Tu 08:00-11:45,osm,IL,+1-630-738-8863,,food_bank,node/4709162239
Galway Lions Food Bank,,43.0191963,-74.0238322,,osm,,,,food_bank,node/4742776727
Amery Area Food Bank,,45.3022488,-92.3665008,,osm,,,,food_bank,node/4756734881
Maple Valley Food Bank,,47.4093904,-122.0395285,,osm,,+1-425-432-8633,,food_bank,node/4795288594
Regina House Food Bank,"South Southern Street, Seattle, WA, 98108",47.5295235,-122.3204358,"Th,Sa unknown",osm,WA,,,food_bank,node/4822145701
Salvation Army Food Bank,"16th Avenue Southwest, Seattle, WA, 98106",47.5214715,-122.354846,Mo-Fr 13:00-14:00,osm,WA,,,food_bank,node/4822145702
Bixby Community Outreach Center,"77 East Breckenridge Avenue, Bixby, OK, 74008",35.9417954,-95.8821445,"Tu-Th 09:00-12:00,01:00-16:00; Tu[2] 16:00-19:00",osm,OK,,,food_bank,node/4831289506
Congress Heights Service Center (food stamps),4001 South CapitoL Street Southwest,38.8311989,-77.0081116,,osm,,,,food_bank,node/4842101994
Soup Kitchen of Provincetown,,42.048822,-70.1937563,,osm,,,,soup_kitchen,node/4906841829
St. Mary's Food Pantry,"22 Lakeside Avenue, Pompton Lakes, NJ, 07442",41.0052428,-74.2907618,,osm,NJ,,,food_bank,node/4940878488
The Jerry Larson FOODBasket,,37.3299769,-121.9112565,,osm,,,https://healthtrust.org/services/the-jerry-larson-foodbasket/,food_bank,node/4946490422
South Austin WIC Clinic,"2508 Durwood Street, Austin, TX, 78704",30.2392858,-97.760055,,osm,TX,,,food_bank,node/4966361738
Fairgrove Family Resource Center,"159 Myrtle Drive, Thomasville, NC",35.8368655,-80.1067614,,osm,NC,,,food_bank,node/4987402892
Bowie Food Pantry,"219 West Business Loop, Bowie, AZ, 85605",32.3265539,-109.4891538,"Mo,We,Fr 09:00-15:00",osm,AZ,+1 520 847 0847,,food_bank,node/5084581607
Project Angel Heart,"4950 Washington Street, Denver, CO, 80216",39.7867981,-104.9777093,,osm,CO,,https://www.projectangelheart.org/,food_bank,node/5114565908
Papa's Pantry,"6551 Commerce Parkway, Woodstock, GA, 30189",34.1220622,-84.5869552,,osm,GA,,,food_bank,node/5131017936
WIC Food Center,"3110 West Armitage Avenue, Chicago, IL, 60647",41.9176231,-87.7058898,,osm,IL,,,food_bank,node/5136890523
Salvation Army Sherman Avenue Corps,,38.9315827,-77.0262983,,osm,,+1 202-829-0100,https://salvationarmynca.org/sherman-ave/,soup_kitchen,node/5159544222
Feeding Medina County,"901 Lafayette Road, Medina, OH, 44256",41.1260141,-81.889639,,osm,OH,,,food_bank,node/5163336073
Cafe Hope,"2701 14th Street, Saint Louis, 63106",38.6504911,-90.1976858,"Sa[1-3] 12:00-13:00+ ""until food is gone""",osm,,+1 314 583 7679,,food_bank,node/5167739613
Mount Hope Neighborhood Association,"199 Camp Street, Providence, RI, 02906",41.8437417,-71.4021237,,osm,RI,,,food_bank,node/5260536345
Emmanuel Food Pantry,,47.20645,-122.2273073,,osm,,,,food_bank,node/5300413324
Pawtucket Soup Kitchen,"195 Walcott Street, Pawtucket, RI, 02860",41.8775158,-71.3732438,,osm,RI,+1-401-258-4616,https://www.pawtucketsoupkitchen.org/,food_bank,node/5304011135
Our Lady of Guadalupe Dining Room,,44.0308163,-88.5801553,,osm,,,,soup_kitchen,node/5318653066
St. Joseph's Dining Room,,44.0295209,-88.5805538,,osm,,,,soup_kitchen,node/5318653221
F.I.S.H,"770 1/2 West Hill Street, Wabash, IN, 46992",40.7981506,-85.8333736,Tu-Fr 10:00-13:00,osm,IN,+1 260-563-5151,,food_bank,node/5324114593
Food Pantry,"351 Market Street, Wabash, IN, 46992",40.7946611,-85.8170086,24/7,osm,IN,,,food_bank,node/5326601802
Blessed 2 Be A Blessing,"521 West Lehigh Avenue, Philadelphia, PA, 19133",39.9924729,-75.1411069,Sa[1] 11:00+,osm,PA,,,food_bank,node/5363245313
Grace United Church of Christ,,44.9577126,-89.6388924,,osm,,,,food_bank,node/5397465705
CHiPS,,40.6782853,-73.9827265,,osm,,+1 718 237 2962,https://chipsonline.org/,soup_kitchen,node/5487146969
Trinity Episcopal Food Pantry,"600 North Euclid Avenue, St. Louis, MO, 63108",38.6503609,-90.2601972,Tu-We 13:30-15:00; Th 16:00-17:30; Su 14:00-14:30,osm,MO,,https://www.trinitycwe.org/Pages/trinity-food-ministry.htm,food_bank,node/5579448446
Life Center Littleton,"5804 South Datura Street, Littleton, CO, 80120",39.6115211,-105.0039003,Mo-Fr 09:00-17:00,osm,CO,+1-303-953-7180,https://www.lifecenterlittleton.org,food_bank,node/5597976433
The Basic Needs Center,213 North Clinton Avenue,43.0029764,-84.5587189,Mo 16:00-19:00;Tu-Th 10:00-16:00,osm,,+1-517-230-4618,https://m.facebook.com/The-Basic-Needs-Center-337107602979470/,food_bank,node/5613949553
Food Pantry,"20 Shank Painter Road, Provincetown, MA, 02657",42.0488703,-70.1938322,,osm,MA,,,food_bank,node/5642792422
Sister Helen's Food Pantry,,43.1736814,-78.6843742,,osm,,,,food_bank,node/5650039626
Your Food Shelf,"1500 Federal Street, Camden, NJ, 08105",39.9437639,-75.1029142,,osm,NJ,,,food_bank,node/5665142200
De Soto Food Pantry,,37.8189762,-89.2301823,,osm,,,,food_bank,node/5703776289
WIC,,32.6945556,-115.4978306,,osm,,,,food_bank,node/5723647452
Sycamore Food Pantry,"160 Johnson Avenue, Sycamore, 60178",41.9886635,-88.7030822,Mo 12:00-16:00; Mo[2] 12:00-19:00,osm,,,https://www.sycamoreumc.org/food-pantry,food_bank,node/5728285844
New Hope Missionary Baptist,"1201 Twombly Road, DeKalb, 60115",41.9515972,-88.7758908,Mo 16:30-18:00,osm,,,,food_bank,node/5729299315
Salvation Army Food Pantry,"830 Grove Street, DeKalb, IL, 60115",41.9263901,-88.7441828,"Mo,Tu,We 09:00-12:00; Th 09:00-12:00,17:00-18:45",osm,IL,,,food_bank,node/5729309582
Mount Carmel Ministerium Food Pantry,"26 North Market Street, Mount Carmel, PA, 17851",40.7978615,-76.4107166,,osm,PA,,,food_bank,node/5762473021
First United Methodist Church Food Pantry,"1526 East Wooster Street, Bowling Green, OH, 43402",41.3735505,-83.6273463,,osm,OH,+1-419-353-0682,,food_bank,node/5794385470
Bishopville Food Pantry,,39.5132219,-82.0470382,,osm,,,,food_bank,node/5946041075
New Life Food Pantry,,40.9991921,-75.1826692,,osm,,,,food_bank,node/6003713350
ATSLM Emergency Food Pantry,"485 County Road 303, Taylor, MS, 38673",34.3077353,-89.5870878,,osm,MS,+1-662-380-3587,https://atslm-emergency-food-pantry.business.site/,food_bank,node/6035436226
Palatine Township Food Pantry,,42.0965153,-88.0624773,,osm,,,,food_bank,node/6037515021
Community Food Share,"650 South Taylor Avenue, Louisville, CO, 80027",39.9597454,-105.1195503,,osm,CO,+1-303-652-3663,https://communityfoodshare.org/,food_bank,node/6072310874
Elijah's Jar,24617 Foresthill Road,39.0207282,-120.8159622,,osm,,,http://www.elijahsjar.org/,food_bank,node/6075806039
Food Bank,"27614 Pacific Highway South, Federal Way, 98003",47.3534095,-122.3112244,,osm,,,,food_bank,node/6088437553
San Ysidro Health Center,"1655 Broadway, Chula Vista, CA, 91911",32.597098,-117.0758,Mo-Fr 08:00-17:00,osm,CA,,,food_bank,node/6093447698
City on a Hill Minitries,"1055 West Audie Murphy Parkway, Farmersville, TX, 75442",33.1572298,-96.3752908,,osm,TX,,,food_bank,node/6165571702
Portland Food Bank,"111 State Street, Portland, PA, 18351",40.9209089,-75.0976703,,osm,PA,,,food_bank,node/6175902053
South Portland Food Cupboard,"130 Thadeus Street, South Portland, ME, 04106",43.6253452,-70.2871788,,osm,ME,,,food_bank,node/6216668670
Sunshine Division,"12436 Southeast Stark Street, Portland, OR, 97233",45.5188663,-122.5351289,,osm,OR,+1-971-255-0834,https://sunshinedivision.org/,food_bank,node/6308943546
Central Illinois Foodbank,"1937 East Cook Street, Springfield, IL, 62703",39.7949724,-89.6286084,Mo 07:00-16:30; Tu-Th 07:30-16:30; Fr 07:30-13:00; Sa 07:00-12:30,osm,IL,+1-217-522-4022,https://www.centralilfoodbank.org/,food_bank,node/6311748698
Greater Spartanburg Ministries Food Pantry,"680 Asheville Highway, Spartanburg, SC, 29303",34.9618224,-81.9435119,,osm,SC,,,food_bank,node/6311905431
Meriden Soup Kitchen,,41.5328638,-72.7935687,,osm,,,,food_bank,node/6322797719
Stanwood Camano Food Bank,,48.2423152,-122.3708319,,osm,,,,food_bank,node/6366528735
LIFE Loveland Food Pantry,,39.2638992,-84.2675944,,osm,,,,food_bank,node/6385269283
Adventist Community Services,,26.5640773,-81.945262,Tu 10:00-14:00; Th 10:00-14:00,osm,,+1-239-471-7333,https://www.sdaccc.org/,food_bank,node/6391551967
St. Martin De Porres Center,"1301 South Martin Luther King Jr Drive, Springfield, IL, 62703",39.7877027,-89.6314518,,osm,IL,+1-217-299-7921,,food_bank,node/6508997858
Hopelink Food Bank,"11011 120th Avenue Northeast, Kirkland, 98033",47.6989075,-122.1816411,"Mo 13:00-16:00; Tu 13:00-16:00,17:00-19:00; We 10:00-15:00; Th 13:00-16:00,17:00-19:00",osm,,+1-425-889-7880,https://www.hopelink.org/locations/kirkland-northshore/,food_bank,node/6535945493
North Country Food Bank Inc,,47.7772422,-96.6038429,,osm,,,,food_bank,node/6543131240
St. John's Breadline,"430 North 5th Street, Springfield, IL, 62702",39.8060697,-89.6488044,,osm,IL,+1-217-528-6098,,soup_kitchen,node/6549748758
Meals on Wheels People,"1032 Southwest Main Street, Portland, 97205",45.5174026,-122.6844281,,osm,,,,soup_kitchen,node/6554169240
Rainier Valley Food Bank,,47.5225566,-122.270489,,osm,,,,food_bank,node/6571741313
Hood Canal Food Bank,"331 North Finch Creek Road, Hoodsport, WA, 98548",47.4059637,-123.1463234,,osm,WA,+1-360-877-9958;+1-360-877-6507,https://hoodcanalfoodbank.org/,food_bank,node/6575717474
Saint George Food Pantry,,39.1286756,-84.5135589,,osm,,,,food_bank,node/6630350010
The Gathering at Running Rebels,"1300 West Fond du Lac Avenue, Milwaukee, WI, 53205",43.0536464,-87.9285329,"Mo-Fr 08:30-09:30, 11:30-12:30",osm,WI,+1 414 272 4122,https://www.thegatheringwis.org/community-meal-program,soup_kitchen,node/6641472438
Saint Ben's Community Meal,"930 West State Street, Milwaukee, WI, 53233",43.043394,-87.9241191,Su-Fr 17:15-18:30,osm,WI,+1 414 271 0135,https://www.capuchincommunityservices.org/services-provided/food,soup_kitchen,node/6653455248
Yakima Rotary Food Bank,,46.5871282,-120.4924119,,osm,,,,food_bank,node/6708932973
Liberty Street Market,"112 East Liberty Street, Cincinnati, OH",39.112888,-84.513673,,osm,OH,,https://freestorefoodbank.org/liberty-street-market/,food_bank,node/6744909157
Johnstown Family Kitchen,,40.3234685,-78.9158159,,osm,,,,food_bank,node/6765294568
Mobile Food Bank,,61.1956824,-149.9196339,Tu 17:00-18:00+,osm,,,,food_bank,node/6806779902
Mobile Food Bank,,61.2108567,-149.7490672,We 09:30-10:00,osm,,,,food_bank,node/6806779907
Mobile Food Bank,,61.2253693,-149.7146974,We[3] 14:00-14:30,osm,,,,food_bank,node/6806779908
Mobile Food Bank,,61.1237441,-149.8470488,Th[3] 14:00-15:00+,osm,,,,food_bank,node/6806779909
Mobile Food Bank,,61.2269887,-149.8115177,,osm,,,,food_bank,node/6806779916
Mobile Food Bank,,61.1415432,-149.9552691,,osm,,,,food_bank,node/6806779931
Mobile Food Bank,,61.1876487,-149.8499314,"Sa[1,4] 14:00-15:00+",osm,,,,food_bank,node/6806779945
Mobile Food Bank,,61.2133474,-149.862235,"Sa[2,3] 14:00-15:00+",osm,,,,food_bank,node/6806779964
Hartford Food Pantry,,43.3181142,-88.3793961,,osm,,,,food_bank,node/6858013464
We Care Charity,,42.7898287,-71.2334351,,osm,,,,food_bank,node/6873810519
Feed the Creek,4011 Dayton-Xenia Road,39.7370254,-84.0837581,,osm,,+19375324030,https://feedthecreek.org/,food_bank,node/6874315575
St. Vincent de Paul Food Pantry,,43.0431877,-89.4034538,"Mo,Tu,Fr 10:30-14:30; Th 14:30-18:30",osm,,,https://svdpmadison.org/need-help/food-pantry/,food_bank,node/6893155332
Casa Jeanette Christian Ministries,,40.6115687,-75.478057,,osm,,+14848600303,,food_bank,node/6943100161
Open Table,,42.4326433,-71.451904,,osm,,,,food_bank,node/6952179888
Saint Paul of the Cross Monastery Food Bank,,40.4232718,-79.9843918,,osm,,,,food_bank,node/6952826850
New Richmond Food Pantry,"102 Willow Street, New Richmond, OH, 45157",38.9505961,-84.2818687,,osm,OH,,,food_bank,node/6960416705
Warhawk Pantry,,42.840952,-88.7469642,,osm,,,,food_bank,node/6965093776
Greater Chicago Food Depository,"4100 West Ann Lurie Place, Chicago, IL, 60632",41.8173168,-87.7268735,,osm,IL,,https://www.chicagosfoodbank.org,food_bank,node/6970180942
Floresville Food Pantry,"1201 A Street, Floresville, TX, 78114",29.1370915,-98.1587238,,osm,TX,+1-830-321-1151,https://www.floresvillefoodpantry.org/,food_bank,node/7050605061
Choicelunch,"1615 Remuda Lane, San Jose, CA, 95112",37.3720775,-121.908712,,osm,CA,,,food_bank,node/7094806054
Providence Food Pantry,,39.4645249,-87.4513988,,osm,,,,food_bank,node/7097476525
Community Food Closet of Douglas County,"1251 Waterloo Lane, Gardnerville, NV, 89410",38.9318951,-119.7473227,,osm,NV,,,food_bank,node/7125046743
D300 Food Pantry,"100 Cleveland Avenue, Carpentersville, IL, 60110",42.1074051,-88.2739613,We 17:00-20:00,osm,IL,,https://www.d300foodpantry.org/about-us/locations-operations/,food_bank,node/7150344012
Brian's Blessing Box,,34.9868919,-81.9462115,,osm,,,,food_bank,node/7160973565
Hope City Empowerment Center,,40.6788153,-73.9641433,,osm,,+1-718-857-5698,https://www.hopecityec.org,soup_kitchen,node/7161218432
Kumler Outreach Ministries,"303 North Grand Avenue East, Springfield, IL, 62702",39.8164403,-89.6516242,,osm,IL,+1-217-523-2269,https://kumlerministries.net/,food_bank,node/7169773696
Chelan Valley Hope,,47.8363467,-120.0126072,,osm,,,,food_bank,node/7228260841
Bishops' Storehouse,"900 Madison Avenue, Baltimore, MD, 21201",39.2998382,-76.623444,,osm,MD,,,food_bank,node/7241113388
St. Andrew's Food Cupboard,"890 Portland Avenue, Rochester, NY, 14621",43.1821857,-77.5863377,,osm,NY,,https://sites.google.com/view/standrewsfoodcupboard,food_bank,node/7248681691
Chilis on Wheels,,40.7264773,-73.9806626,Sa 14:00-16:00,osm,,,https://www.chilisonwheels.org/chapters/new-york-city/,food_bank,node/7258410330
Chatham VFW Free Little Pantry,"501 West Mulberry Street, Chatham, IL, 62629",39.6753177,-89.7101582,,osm,IL,,,food_bank,node/7294796884
Mount Olive United Methodist Food Pantry,"811 Dares Beach Road, Prince Frederick, MD, 20678",38.551979,-76.5805804,We 13:30-15:30,osm,MD,+1 410 535 5756,,food_bank,node/7316168218
New Life Food Pantry,"3170 German Chapel Road, Prince Frederick, MD, 20678",38.525303,-76.6154149,Mo 16:00-18:00,osm,MD,+1 410 808 1455,,food_bank,node/7316168219
First Lutheran Church Food Pantry,"6300 North Solomons Island Road, Huntingtown, MD, 20639",38.6603296,-76.6078269,Mo-Fr 09:00-14:00,osm,MD,+1 410 257 3030,,food_bank,node/7316168243
Calvert Lighthouse Food Pantry,"40 Clay Hammond Road, Prince Frederick, MD, 20678",38.5552918,-76.5581897,Sa 10:00-11:00,osm,MD,+1 478 284 5489,,food_bank,node/7316168253
Calvert Churches Community Food Pantry,"100 Jibsail Drive, Prince Frederick, MD, 20678",38.5084909,-76.6376317,Mo-We 09:00-12:00; PH off,osm,MD,+1 410 414 7474,https://www.cccfp.org/,food_bank,node/7316168254
Brooks United Methodist Food Pantry,"5550 Mackall Road, Saint Leonard, MD, 20685",38.4590224,-76.5394869,"Tu,Th 10:00-12:00",osm,MD,+1 410 586 3972,,food_bank,node/7316168275
Good Samaratin Center Food Pantry Inc.,,38.3999621,-82.5799735,,osm,,,,food_bank,node/7363305484
Food Bank for Larimer County,80538,40.4194302,-105.0711219,"Tu, Th-Sa 10:00-15:00; We 12:00-15:00",osm,,+1 970-493-4477,https://foodbanklarimer.org/mobile-markets-map/,food_bank,node/7365445978
Norwescap Food Bank,"201 Broad Street, Phillipsburg, NJ, 08865",40.7005901,-75.1978519,,osm,NJ,,,food_bank,node/7407606739
Westside Food Bank,"1710 22nd Street, Santa Monica, CA, 90404",34.0252623,-118.4728412,Mo-Fr 07:00-15:00,osm,CA,+1-310-828-6016,,food_bank,node/7454934100
Hunger Is Not An Option,"151 West Main Street, Port Ewen, NY, 12466",41.9049637,-73.9768637,Fr-Sa 10:00-12:00,osm,NY,,,food_bank,node/7487376680
Faith Cafe,"5150 Southwest Watson Avenue, Beaverton, OR, 97005",45.4823146,-122.8068042,Su 16:15+; Th[-1] 16:15+,osm,OR,,https://www.faithcafeor.org/,soup_kitchen,node/7508507553
Sharing Center,"6462 Ridge Road, Sharon Center, OH, 44274",41.0989388,-81.7367072,,osm,OH,,,food_bank,node/7524618819
Foodfinders,"10539 Humbolt Street, Los Alamitos, CA, 90720",33.8089646,-118.0666287,,osm,CA,,,food_bank,node/7553022595
West Linn Food Pantry,"1683 Willamette Falls Drive, West Linn, OR, 97068",45.3433858,-122.6568641,,osm,OR,+1 503 915 9446,http://www.westlinnfoodpantry.com/,food_bank,node/7556714294
Tualatin Food Pantry,"3550 Southwest Borland Road, Tualatin, OR, 97062",45.3734981,-122.7116387,"Mo 10:00-13:00,16:00-19:00; We 10:00-13:00; Th 15:00-18:00; Fr 10:00-13:00",osm,OR,+1-503-783-0721,https://www.tualatinfoodpantry.org/,food_bank,node/7556938160
The Salvation Army Tualatin Valley Citadel,"351 Southeast Oak Street, Hillsboro, OR, 97123",45.5189505,-122.9852989,,osm,OR,,https://hillsboro.salvationarmy.org/,food_bank,node/7556969775
Esther's Pantry,"10202 Southeast 32nd Avenue, Milwaukie, OR, 97222",45.4496118,-122.629003,,osm,OR,,https://www.ourhouseofportland.org/esthers-pantry,food_bank,node/7560325700
Helping Hands,"22280 Southwest Washington Street, Sherwood, OR, 97140",45.3588041,-122.8439268,,osm,OR,,https://sherwoodumc.com/sherwood-umc-ministries/helping-hands/,food_bank,node/7560378361
Northeast Emergency Food Program,"4800 Northeast 72nd Avenue, Portland, OR, 97218",45.5580436,-122.5886543,,osm,OR,,https://emoregon.org/nefp/,food_bank,node/7560545149
Zarephath Kitchen and Pantry,"59 Northwest Ava Avenue, Gresham, OR, 97030",45.4980469,-122.4370202,,osm,OR,,https://feedeastcounty.org/,food_bank,node/7560766034
Epsom Food Pantry,,43.2237042,-71.3331545,We 12:00-14:00; Sa 10:00-12:00,osm,,,,food_bank,node/7563609035
Hope's Corner,,37.3900171,-122.0803537,,osm,,+1-650-254-1450,https://www.hopes-corner.org/,soup_kitchen,node/7568124482
Trenton Area Soup Kitchen,"72 Escher Street, Trenton, NJ, 08638",40.2281051,-74.753256,,osm,NJ,,,soup_kitchen,node/7606277492
Arm in Arm,"48 Tyler Street, Trenton, NJ, 08609",40.2159332,-74.7523342,,osm,NJ,,,food_bank,node/7636296738
Immaculate Conception Church Assistance Center,,42.1222706,-71.0966589,,osm,,,,food_bank,node/7644223841
West Bethlehem Food Bank,"514 3rd Avenue, Bethlehem, PA, 18018",40.6212253,-75.3877772,,osm,PA,,,food_bank,node/7658641523
Montesano Food Bank,,46.9824682,-123.6026571,,osm,,,,food_bank,node/7671137848
New Life Fellowship - Pantry,,39.4870724,-87.2985941,,osm,,,,food_bank,node/7686015896
Mitchell Food Pantry,,43.7174415,-98.0268546,,osm,,,,food_bank,node/7700018285
Second Harvest Food Bank of Northwest Pennsylvania,"1507 Grimm Drive, Erie, PA, 16501",42.1093401,-80.1126205,,osm,PA,,,food_bank,node/7721661351
Harvest Compassion Center,,33.3462144,-111.8406508,,osm,,,,food_bank,node/7729587013
Central Montana Community Cupboard,"West Broadway Street, Lewistown, MT, 59457",47.065535,-109.427747,,osm,MT,+1 406-535-2015,https://www.centralmontanacommunitycupboard.org,food_bank,node/7729878891
Matthew's Crossing Food Bank,"1368 North Arizona Avenue, Chandler, AZ, 85225",33.3270257,-111.842822,,osm,AZ,,,food_bank,node/7732990571
Open Door Outreach Center,"7140 Cooley Lake Road, Waterford Twp, MI, 48327",42.6164134,-83.4259348,,osm,MI,,,food_bank,node/7781968565
Blessing Box,,47.1905328,-122.3216855,,osm,,,,food_bank,node/7835919986
End Hunger Connecticut,"65 Hungerford Street, Hartford, CT, 06106",41.7615534,-72.6856892,,osm,CT,+1 860 560 2100,https://www.endhungerct.org,food_bank,node/7877188839
BFD Blessing Box,,34.5242129,-82.4953441,,osm,,,,food_bank,node/7881996919
Saint Andrews Methodist Church Food Bank,,29.8537789,-95.4189916,"Tu 11:00-12:00+ ""end time not posted, best guess""",osm,,,,food_bank,node/7929519967
RE:STORE,,33.250266,-111.6340728,,osm,,,,food_bank,node/7958171136
Friends of Forgotten Children,,43.2497135,-71.617125,,osm,,,,soup_kitchen,node/7993180896
Woodland Action Center,736 Davidson Avenue,45.9010858,-122.7542051,,osm,,,https://www.woodlandaction.org/,food_bank,node/8017715359
Johnson St. Public Fridge,,43.0865754,-89.3758334,,osm,,,https://www.instagram.com/madisoncommunityfridges,food_bank,node/8045248597
Community Fridge,"1761 Parsons Avenue, Columbus, OH, 43207",39.927282,-82.9844142,,osm,OH,,https://www.changex.org/us/communityfridge/columbus-oh-usa-franklin-county,food_bank,node/8079641927
Little Free Pantry,,47.6793033,-122.3554675,,osm,,,,food_bank,node/8092006851
Greens and Beans,"2140 East University Drive, Auburn, AL, 36830",32.6286921,-85.4504066,Mo-Fr 06:00-14:00,osm,AL,+1-334-329-9616,https://www.greensandbeans.net/,food_bank,node/8113163806
Hillsdale Peace Pantry,"3115 Del Monte Street, San Mateo, CA, 94403",37.5315465,-122.3142341,,osm,CA,,,food_bank,node/8161839601
Hawaii Food Bank,,19.6450558,-155.987102,,osm,,,,food_bank,node/8175500115
Jewish Family Services of Greater Dallas,"5402, Dallas",32.9592478,-96.8191123,,osm,,,,food_bank,node/8200141065
Vader Winlock Food Bank,,46.4932371,-122.9368312,,osm,,,,food_bank,node/8231774135
Food Distribution Center - Squaw Lake Mobile Pantry,,47.6329694,-94.1372009,,osm,,,,food_bank,node/8235232105
Thayer Little Free Pantry,,38.9932957,-77.0186324,,osm,,,,food_bank,node/8249870137
Emergency Food Pantry,,43.1460202,-77.6210463,,osm,,,,food_bank,node/8258625575
Saint Victor Food Pantry,"3150 Sierra Road, San Jose, CA, 95132",37.3968915,-121.8509995,,osm,CA,,,food_bank,node/8258759695
Puyallup Food Bank,,47.1912079,-122.2653657,,osm,,,,food_bank,node/8268965485
Graham - South Hill Food Bank,,47.0884421,-122.291068,,osm,,,,food_bank,node/8319775114
St. Mary's Food Bank,"3890 West State Street, Boise, ID, 83703",43.6417157,-116.236889,,osm,ID,,https://www.stmarysfoodbankboise.com/,food_bank,node/8331553536
Tonasket Food Bank,"101 US 97, Tonasket, WA, 98855",48.7083791,-119.4371938,,osm,WA,,,food_bank,node/8364753796
Dorcas Passion Ministries,"3039 Pecan Springs Road, Austin, TX, 78723",30.2969461,-97.6823711,,osm,TX,+1-512-662-6321,,food_bank,node/8376817254
LifeWorks Community Action,"39 Bath Street, Ballston Spa, NY, 12020",43.0021943,-73.8512179,,osm,NY,,https://lifeworksaction.org/home,food_bank,node/8404990773
Friendship Donations Network,,42.4438664,-76.5017206,,osm,,,,food_bank,node/8444763712
Father's Storehouse,"609 National Highway, Thomasville, NC, 27360",35.8968048,-80.0691814,,osm,NC,+1-336-475-4357,https://www.thefathersstorehouse.com/,food_bank,node/8477446474
Plant-Based Community Fridge,,40.7254855,-73.9928802,,osm,,,,food_bank,node/8486759789
Little Free Pantry,,47.6885874,-122.3091023,24/7,osm,,,,food_bank,node/8508837321
La Comida,"455 East Charleston Road, Palo Alto, CA, 94306",37.4192624,-122.1135319,Mo-Su 11:15-12:15,osm,CA,,https://www.lacomida.org/,soup_kitchen,node/8512650145
Little Free Pantry,,47.787513,-122.3087858,,osm,,,,food_bank,node/8528984991
San Jose Unified School District Nutrition Services,"2222 Unified Way, San Jose, CA, 95125",37.2964929,-121.8726693,,osm,CA,,https://www.sjusd.org/your-resources/student-nutrition-services/,food_bank,node/8562598601
Tiny Purple Pantry,,40.6702071,-73.9917883,,osm,,,,food_bank,node/8572644586
Flathead Food Bank,,48.2008256,-114.3342078,,osm,,,,food_bank,node/8601052601
Breakthrough Fresh Market,"3334 West Carroll Avenue, Chicago, IL, 60624",41.8876003,-87.7101016,,osm,IL,,https://breakthrough.org/programs/fresh-market/,food_bank,node/8618919604
University of Washington Food Pantry,,47.6567402,-122.3140369,,osm,,,,food_bank,node/8625138579
Food Distribution Center - Native Health,"777 West Southern Avenue, Mesa, AZ, 85210",33.3925978,-111.847677,,osm,AZ,,,food_bank,node/8653924306
Greater Marietta Food Pantry,,39.4577508,-81.4501454,Mo-Th 10:00-13:00,osm,,+1-740-376-5741,,food_bank,node/8665302074
Food Distribution Center - Arrowhead Community Economic Assistance Office,,47.5323316,-92.6224529,,osm,,,,food_bank,node/8679988918
Food Distribution Center - Calvary Temple Hope Ministries,"1111 Preakness Avenue, Wayne, NJ, 07470",40.9292264,-74.2260764,,osm,NJ,,,food_bank,node/8694737224
Southwick Food Pantry,"220 College Highway, Southwick, MA, 01077",42.0267526,-72.7853643,,osm,MA,,,food_bank,node/8697962377
Shepherd's Door Food Pantry,,39.8977193,-85.3842807,,osm,,,,food_bank,node/8747602252
Campbell Senior Nutrition Program,"1 West Campbell Avenue, Campbell, CA, 95008",37.288704,-121.9515585,,osm,CA,,,food_bank,node/8748792871
Champlain Islands Food Shelf,,44.7224543,-73.2955564,,osm,,,,food_bank,node/8750863080
Pan de Vida Foundation,"18550 East Rittenhouse Road, Queen Creek, AZ, 85142",33.2837033,-111.6835725,,osm,AZ,,,food_bank,node/8758949110
North East Community Food Pantry,"30 Bothel Street, North East, PA, 16428",42.2113211,-79.831672,,osm,PA,,,food_bank,node/8761324235
Refrigerador Comunitario,,40.6601105,-73.9942396,,osm,,,,food_bank,node/8762272650
Grace Covenant Church Food Pantry,"224 Chestnut Ridge Rd, Rochester, NY, 14624",43.1171556,-77.7494761,,osm,NY,+1 585-889-2130,,food_bank,node/8785985713
St. Matthew's Church Food Pantry,"214 Kinne Street, East Syracuse, NY, 13057",43.067522,-76.0765424,,osm,NY,+1-315-438-8635,https://www.townofdewitt.com/business_detail_T6_R74.php,food_bank,node/8787450600
Westfield Community Kitchen and Food Bank,"101 East Main Street, Westfield, NY, 14787",42.3241441,-79.575436,,osm,NY,,,food_bank,node/8795327660
Little Food Pantry,,45.1116661,-93.3568238,,osm,,,,food_bank,node/8807958882
Food Distribution Center,,43.4867313,-111.9980952,,osm,,,,food_bank,node/8851858370
Food Pantry - ICNA Relief Houston,"5645 Hillcroft Avenue, Houston, TX, 77074",29.7210126,-95.4998932,Tu-Fr 16:15-18:30; Sa 12:15-14:15,osm,TX,+1-888-905-4262,https://www.icnarelief.org/,food_bank,node/8857472542
Seven Gables Food Ministry,,30.0536644,-83.1620788,,osm,,,,food_bank,node/8878231608
Polk County Northside Food Pantry,,41.6224243,-93.6253609,,osm,,+1-515-286-2200,,food_bank,node/8902485967
IMAN Food and Wellness Center,"1216 West 63rd Street, Chicago, IL, 60636",41.779762,-87.6552282,,osm,IL,,,food_bank,node/8909874917
UA3 Community First Food Pantry,"384 Grand Street, New York, NY, 10002",40.7164243,-73.9877507,"Mo,Th 08:00-17:00",osm,NY,,https://www.ua3now.org/,food_bank,node/8925299255
Daily Bread Soup Kitchen,,42.0401863,-74.1173309,"Mo,We,Fr 16:00-17:30",osm,,,https://christwoodstock.org/wp/daily-bread-soup-kitchen/,soup_kitchen,node/8936148822
Catholic Charities Food Distribution Center,,42.2534258,-71.814438,,osm,,,,food_bank,node/8964136229
Oshkosh Food Bank,,44.0482615,-88.5442547,,osm,,,,food_bank,node/8981472361
Food Distribution Center,,42.862601,-112.4527494,,osm,,,,food_bank,node/8999636060
Fulton Street Community Fridge,,40.6828688,-73.9634527,,osm,,,,food_bank,node/9008487124
Animal Food Bank of the Lehigh Valley,,40.5279831,-75.5014876,,osm,,,,food_bank,node/9021521482
Bethel Temple of Praise Food Pantry,,40.9412819,-73.8953049,,osm,,,,food_bank,node/9043685482
St. Christine Food Pantry,"22303 Fenkell Street, Detroit, MI, 48223",42.4000743,-83.2607514,,osm,MI,,,food_bank,node/9056947617
Little Free Pantry on Peak,"112 East Peak Boulevard, Muskogee, OK, 74402",35.7118262,-95.3741771,,osm,OK,,,food_bank,node/9060874844
Stow Food Pantry,,42.4371095,-71.5186076,"""by appointment""",osm,,,,food_bank,node/9064166583
The Pantry,8032 Belair Road,39.3768527,-76.5063251,,osm,,+1-410-882-1497,https://communitycc.net/pantry/,food_bank,node/9072420301
Free Fridge Salem Warehouse,,44.9500112,-123.0286967,,osm,,,https://www.freefridgesalem.com/,food_bank,node/9085631893
North Mason Food Bank,,47.4349188,-122.8393564,,osm,,,,food_bank,node/9110041361
Heber Valley Food Pantry,,40.5054832,-111.4142918,,osm,,,,food_bank,node/9111731208
Heber Valley Food Pantry,,40.5054297,-111.4147192,,osm,,,,food_bank,node/9111800017
Tiny Purple Pantry,,40.6483926,-73.977519,,osm,,,,food_bank,node/9121304277
RCBC Food Pantry,,39.9719567,-74.8917874,,osm,,,,food_bank,node/9121453435
TriValley Haven Food Pantry,"150 North L Street, Livermore, CA, 94550",37.6834612,-121.7720806,,osm,CA,,,food_bank,node/9123028843
Sabathani Community Center Food Shelf,"310 East 38th Street, Minneapolis, MN, 55409",44.9344391,-93.2720828,,osm,MN,,,food_bank,node/9130363724
The Salvation Army,"3001 R Avenue, Anacortes, 98221",48.4975474,-122.608932,,osm,,,,food_bank,node/9188437705
Great Falls Community Food Bank,,47.5176024,-111.279147,,osm,,,,food_bank,node/9252122269
Pueblo Community Soup Kitchen,,38.2731563,-104.6127974,,osm,,,,food_bank,node/9330967191
Hamilton Community Food Bank,"951 Petit Street, Hamilton, 98255",48.527783,-121.990326,,osm,,+1-360-826-4090,,food_bank,node/9384538308
Helping Hands Food Bank,,48.511823,-122.6167962,Tu 11:00-14:00,osm,,,,food_bank,node/9392314313
Helping Hands Food Bank,,48.5268007,-121.4420074,We 11:00-14:00,osm,,,,food_bank,node/9392346035
LDS Bishop's Storehouse,,41.7728311,-111.8292106,,osm,,,,food_bank,node/9403865046
Pacific St. Little Free Pantry,"1306 Nipomo Street, San Luis Obispo, CA, 93401",35.2766757,-120.6641796,,osm,CA,,,food_bank,node/9421437270
Little Free Pantry,,35.2954224,-120.6738277,,osm,,,,food_bank,node/9424033069
The Pantry,,38.5422223,-121.7491629,,osm,,,https://thepantry.ucdavis.edu/,food_bank,node/9456498752
Ilwaco Food Bank,303 1st Avenue Southwest,46.3072687,-124.0435717,,osm,,,,food_bank,node/9537321481
Share Food Share Love,"9030 Brookfield Avenue, Brookfield, IL, 60513",41.8215214,-87.8479451,,osm,IL,,https://www.sharefoodsharelove.com/,food_bank,node/9548340282
Community Harvest Of Stark County - Food Distribution Center,,40.8472284,-81.4402814,,osm,,,,food_bank,node/9548725618
Clear Lake Community Food Bank,,48.4630289,-122.2338478,,osm,,,https://www.clearlakecov.org/food-bank,food_bank,node/9559336522
Tri-Parish Food Bank,,48.4731489,-122.3511542,,osm,,,,food_bank,node/9564951052
St. Vincent DePaul Food Bank,,48.4883273,-122.6064724,,osm,,,,food_bank,node/9569635030
Lighthouse Pontiac,"46156 Woodward Avenue, Pontiac, MI, 48342",42.6301491,-83.2878487,,osm,MI,,,food_bank,node/9569915090
Dormont Free Pantry,,40.3946461,-80.0373196,,osm,,,,food_bank,node/9598644805
The Pantry,"520 West 1st Street, Arlington, TX, 76010",32.7319769,-97.1075501,,osm,TX,,,food_bank,node/9601003017
Chatham Library Micro Pantry,,39.6719788,-89.6972897,,osm,,,,food_bank,node/9692804361
WIC Grocery,"416 East 43rd Street, Chicago, IL, 60653",41.8168156,-87.6155602,Mo-Fr 08:00-20:00; Sa-Su 09:00-17:00,osm,IL,+1-773-924-7041,https://www.wicgrocery.org/416-e-43rd,food_bank,node/9708102152
Open Heart Kitchen,569 San Ramon Valley Boulevard,37.8158812,-121.9969567,,osm,,,,food_bank,node/9712678086
Cache Food Pantry,"359 South Main Street, Logan, UT, 84321",41.7248228,-111.8355156,,osm,UT,+1 435-753-7140,https://cachefoodpantry.com/home/,food_bank,node/9714371626
Pines of Perinton Food Pantry,"White Pine Circle, Fairport, NY, 14450",43.1122713,-77.4455327,,osm,NY,,,food_bank,node/9721634527
Good Samaritan Food Pantry,"130 South Van Rensselaer Street, Rensselaer, IN, 47978",40.9324623,-87.1556037,,osm,IN,,,food_bank,node/9731616836
Ladders of Hope,"717 East Main Street, Fennville, MI, 49408",42.5946951,-86.0957439,,osm,MI,+1-269-455-9452,https://laddersofhopemi.org,food_bank,node/9743730994
AS Food Bank,"Santa Barbara, CA, 93106",34.4114311,-119.8475146,"Mo,We-Th 10:00-17:00; Tu,Sa-Su off; Fr 10:00-14:00",osm,CA,,https://foodbank.as.ucsb.edu/,food_bank,node/9746690517
North Helpline Bitter Lake,,47.7240821,-122.3477885,,osm,,,,food_bank,node/9775673676
Windsor Human Development,"594 Kent Street, Windsor, NY, 13865",42.0698424,-75.6430121,Tu-Sa 11:30-15:30,osm,NY,+1-607-444-1480,,food_bank,node/9782473594
Feed the Mass,"80 Northwest Davis Street, Portland, OR, 97209",45.524356,-122.6708749,,osm,OR,,https://www.feedthemass.org/,soup_kitchen,node/9785995427
Little Free Food Pantry,,39.7287542,-104.8427001,,osm,,,,food_bank,node/9789571359
SNAC,,41.7427974,-111.813504,,osm,,,,food_bank,node/9800253630
Northern Illinois Food Bank - South Suburban Center,"171 South Larkin Avenue, Joliet, IL, 60436",41.5186521,-88.1276244,,osm,IL,,,food_bank,node/9846229130
Little Free Pantry,,39.2480982,-94.4211926,24/7,osm,,,,food_bank,node/9861792030
World Harvest Food Bank,,34.0432968,-118.3179805,,osm,,,,food_bank,node/9906488254
Bread for Life Co-op,,40.4731881,-88.99019,Mo 15:00-17:00; We 14:00-16:00; Th 18:00-20:00; Fr 14:00-16:00,osm,,,https://hshministries.org/about-us/our-services/food-services/profile/bread-for-life-co-op,food_bank,node/9907756528
Our Father's House Soup Kitchen,"2380 Hammondville Rd, Pompano Beach, FL, 33069",26.244681,-80.1552591,,osm,FL,,,food_bank,node/9932296865
Food Pantry (GC 319),,25.7562334,-80.3730068,,osm,,,,food_bank,node/9932349697
SODO Community Supermarket,,47.5855183,-122.3294434,,osm,,,,food_bank,node/9932780718
Colonial Heights Food Pantry,"530 Southpark Boulevard, Colonial Heights, VA, 23834",37.2430239,-77.3918372,Mo-We 09:00-16:00; Th-Fr 09:00-14:00,osm,VA,+1-804-520-7117,https://www.chfoodpantry.org/,food_bank,node/9953980795
Kids Cafe at Camp Washington,,39.136391,-84.5348881,,osm,,,,soup_kitchen,node/9956013940
Project Open Hand,"730 Polk Street, San Francisco, CA, 94109",37.7839436,-122.4192113,,osm,CA,+1 415 4472300,https://openhand.org/,soup_kitchen,node/9956258784
KC Food Pantry,"208 Beaver Street, Yorkville, 60560",41.6304335,-88.4444814,Mo-Fr 08:00-15:00,osm,,+1-630-553-0473,,food_bank,node/9958321808
KC Food Pantry - Oswego Satellite Location,"61 Franklin Street, Oswego, 60543",41.6800427,-88.3485437,Fr[1] 18:00-19:30,osm,,+1-630-636-3667,,food_bank,node/9958338809
CommUnity Food Bank,,41.640148,-91.5210192,,osm,,,,food_bank,node/9978405414
Table to Table,,41.6403515,-91.5210151,,osm,,,,food_bank,node/9978405415
Tri-Area Ministry Food Pantry,"149 East Holding Avenue, Wake Forest, NC, 27587",35.9720918,-78.5133344,,osm,NC,+19195567144,,food_bank,node/9997897958
CCC Food Pantry,"990 South Capitol Avenue, San Jose, CA, 95127",37.3522032,-121.8268231,,osm,CA,,,food_bank,node/9998294791
Community REACH,"15 1st Avenue, Red Lion, PA, 17356",39.9015865,-76.6081948,,osm,PA,,,food_bank,node/10047813693
Deeds of Faith Food Pantry,,39.591997,-76.9694852,,osm,,,,food_bank,node/10054092547
Little Free Pantry,,40.3941502,-77.02924,,osm,,,,food_bank,node/10059336372
Open Door/Community Kitchen,"1013 Polte Road, Sedro-Woolley, 98284",48.508802,-122.2226092,,osm,,,,soup_kitchen,node/10062678324
Willy Street Pantry,,43.0833921,-89.3644084,24/7,osm,,,https://www.socialjusticecenter.org/pantry,food_bank,node/10065303019
Saint Vincent de Paul Pantry,,39.023616,-84.4429337,,osm,,,,food_bank,node/10078985778
Tomche Shabbos,,40.6252442,-73.9969674,,osm,,,,food_bank,node/10107514719
Paden First Baptist Church Food Pantry & Clothing Closet,,35.5064417,-96.5692843,,osm,,,,food_bank,node/10154905558
Pleasant Hearts Pet Food Pantry,"1539 Taylor Avenue North, Grand Rapids, MI, 49505",42.9906117,-85.6689057,,osm,MI,,https://www.pleasantheartspetfoodpantry.org/,food_bank,node/10159863813
Colton Food Pantry,,46.5678543,-117.1281007,,osm,,,,food_bank,node/10163103116
Buff Pantry,,40.0068535,-105.2710014,,osm,,,,food_bank,node/10170024408
Interfaith Social Services,,42.2563458,-71.0092771,,osm,,,,food_bank,node/10179135868
Chinatown Community Fridge & Pantry,"96 Baxter Street, New York, NY, 10013",40.7172174,-73.9996218,Mo-Su 09:00-18:00,osm,NY,,,food_bank,node/10182432693
Tiny Purple Pantry,,40.6620617,-73.9947136,,osm,,,,food_bank,node/10197719081
PAWS Pantry,"20 Braddock Road, Frostburg, MD, 21532",39.6487844,-78.9304377,,osm,MD,,,food_bank,node/10200629317
Pamlico County Food Pantry,"108 Straight Road, Oriental, NC, 28571",35.0469173,-76.6897607,,osm,NC,,,food_bank,node/10245458048
Pajarito Senior Meal Site,6080 Isleta Boulevard Southwest,34.9870046,-106.6960556,,osm,,,,food_bank,node/10285504862
Arlington Food Assistance Center,,38.8436381,-77.0893666,,osm,,,,food_bank,node/10298717235
Mondovi Food Pantry,,44.5666253,-91.6701008,,osm,,,,food_bank,node/10587443529
Open Table - Central Washington,,46.9937031,-120.5480629,,osm,,,,food_bank,node/10600129198
Faith's Pantry,,42.7898191,-73.6788462,,osm,,,,food_bank,node/10647244465
Gather,"210 West Road, Portsmouth, NH, 03801",43.0420415,-70.7788155,,osm,NH,,https://www.gathernh.org/,food_bank,node/10647642723
Community Food Project,"13720 Southwest Pacific Highway, Tigard, OR, 97224",45.4205247,-122.7850007,Mo 14:00-16:30; We 14:00-16:30,osm,OR,+1-860-921-7923,,food_bank,node/10687592702
St. Vincent de Paul Pantry & Kitchen,"40 South Main Street, Rice Lake, WI, 54868",45.5000193,-91.7335931,,osm,WI,,,food_bank,node/10704576975
Martin de Porres House of Hospitality,,37.7665867,-122.4073555,,osm,,,,soup_kitchen,node/10713395426
Ritzville Food Pantry,"104 West Main Avenue, Ritzville, WA, 99169",47.1275417,-118.3804505,Th 02:30-04:30,osm,WA,,,food_bank,node/10723977130
Community Food Pantry of Murrieta,,33.5759202,-117.1785318,,osm,,,,food_bank,node/10738283401
Gallatin Valley Food Bank,,45.6946116,-111.0283187,,osm,,,,food_bank,node/10766795464
Food Distribution Center and Thrift Store - Help of Fort Meade,,27.7520489,-81.8033218,,osm,,,,food_bank,node/10799846433
Hempstead Food Share,,40.7079974,-73.6211444,Su 15:30+,osm,,,https://communitysolidarity.org/foodshares/hempstead,food_bank,node/10805676402
Montgomery County Food Distribution Center,"303 West Spring Street, Troy, NC, 27371",35.3575325,-79.896519,,osm,NC,+19105723757,,food_bank,node/10807454997
Positive Community Kitchen,"120 Shelton McMurphey Boulevard, Eugene, OR, 97401",44.0557234,-123.0943021,Mo 09:00-17:00; Tu 09:00-18:00; We 08:30-12:00,osm,OR,+1 541 249 4942,https://www.positivecommunitykitchen.org/,soup_kitchen,node/10822983164
Arlington EATS,"117 Broadway, Arlington, MA, 02474",42.410385,-71.1405802,,osm,MA,,,food_bank,node/10869912008
The Lion’s Pantry,,40.2679589,-76.6731403,,osm,,,https://thelionspantry.psu.edu,food_bank,node/10896909850
Kain Na,1340 4th Street,37.7713485,-122.391433,,osm,,,,food_bank,node/10897941831
Love Fridge at Augustana Lutheran Church,5500 S Woodlawn Ave,41.7949308,-87.5974282,,osm,,,,food_bank,node/10908746383
Fruit of the Vine,,35.3985729,-94.6180438,,osm,,,,food_bank,node/10930757364
Home Storage Center,,40.753027,-111.9134171,"Tu, Th 09:00-15:30",osm,,,,food_bank,node/10940754958
Dunlap Food Pantry,714 Iowa Avenue,41.8541088,-95.5998331,,osm,,,,food_bank,node/10941263063
St. Christine's Soup Kitchen and Food Pantry,"22261 Fenkell Street, Detroit, MI, 48223",42.4001396,-83.2603104,,osm,MI,,,food_bank,node/10997640287
New Hope Food Bank,,48.2533668,-124.261633,,osm,,,,food_bank,node/11006341604
Quilcene Community Food Bank,,47.8216455,-122.8789647,,osm,,,,food_bank,node/11011505724
Saguaro Janes Club,"21802 West Wilson Avenue, Wittmann, AZ, 85361",33.7780831,-112.5317965,,osm,AZ,,https://saguarojane.org/,food_bank,node/11042633524
Veteran's Food Pantry,,48.2135464,-114.2798896,Mo-Fr 10:00-15:00,osm,,,,food_bank,node/11045362769
Food for Families,,37.4028724,-79.1670382,"Th,Sa 09:30-14:00",osm,,,,food_bank,node/11048146000
Park View Cafe,,37.4028617,-79.1669997,We 16:30-17:30,osm,,,,food_bank,node/11048146001
St Vincent de Paul Society,"8031 East Dana Drive, Prescott Valley, AZ, 86314",34.599902,-112.3243547,,osm,AZ,,,food_bank,node/11055367495
Campus Food Pantry,,32.6013618,-85.4854693,,osm,,,,food_bank,node/11059688285
Food Finders Fresh Market,"2200 Elmwood Avenue, Lafayette, IN, 47904",40.431497,-86.869642,Tu-Fr 12:00-17:00; Sa 10:00-14:00,osm,IN,,,food_bank,node/11135016283
Creston Area Food Pantry,,41.0526727,-94.3663834,Su 12:00-14:00,osm,,,,food_bank,node/11159333379
St. Francis House Food Pantry,,61.2021803,-149.8109314,,osm,,,,food_bank,node/11170393627
Crewe Cares Food Pantry,,37.1755949,-78.1245863,,osm,,,,food_bank,node/11182207303
Food Pantry,,37.7783027,-122.1828466,,osm,,,,food_bank,node/11191734206
Manheim Food Pantry,,40.1621811,-76.4032773,,osm,,,,food_bank,node/11206101408
Saint Vincent de Paul Pantry,,40.4848151,-88.9963498,,osm,,,,food_bank,node/11217963899
Community Food Pantry,,36.2615104,-94.1713854,,osm,,,,food_bank,node/11218542315
Peshtigo Food Pantry,"151 French Street, Peshtigo, WI, 54157",45.0543442,-87.7488749,"We[1,3]",osm,WI,+1-715-923-8000,,food_bank,node/11231260898
Truxton Food Pantry,,42.7111744,-76.0327925,Sa[3] 10:00-13:00,osm,,,https://www.townoftruxton.com/truxton-food-pantry,food_bank,node/11237190321
Cortland-Chenango Rural Services,"2704 Lower Cincinnatus Road, Cincinnatus, NY, 13040",42.537696,-75.8962179,,osm,NY,,http://www.rursrvs.org,food_bank,node/11243610792
Care and Share Food Pantry,,42.6469516,-75.7803741,Th[3] 15:00-18:00,osm,,,https://southotselicunitedmethodistchurch.org/care-and-share-food-pantry,food_bank,node/11243714585
WW assistance agency,1293 Main Street,41.7034198,-71.5241517,,osm,,,,food_bank,node/11246266674
Providence House,,36.0168962,-84.2644997,,osm,,,,food_bank,node/11299089719
Community Tree Center,"220 East Main Street, Westminster, SC, 29693",34.6648433,-83.0955119,,osm,SC,,,food_bank,node/11328463415
Family Resource Center,,42.7809484,-91.0955376,"Mo,We 08:00-16:00, Mo,Tu,Th 08:00-18:00, Fr 08:00-12:00",osm,,,,food_bank,node/11345485686
nsi Food Pantry,,40.0029357,-82.9980875,,osm,,,,food_bank,node/11392722260
Granger WIC,"121 Sunnyside Avenue, Granger, WA, 98932",46.3440864,-120.1946059,,osm,WA,,https://www.yvfwc.com/service/wic/,food_bank,node/11399243960
The Cafe at Operation Blessing,,43.0559551,-70.7708104,Sa 11:00-12:30; Su 15:00-16:30,osm,,,,soup_kitchen,node/11404395426
SABTS Free Pantry,,32.1507314,-80.7608173,"PH,Mo-Su 00:00-24:00",osm,,,,food_bank,node/11419084951
Meals on Wheels Northwest Indiana,,41.7144431,-86.8961553,,osm,,,,food_bank,node/11432400009
Community Food Pantry,"110 South Street, Pittsfield, MA",42.4461184,-73.2548709,,osm,MA,,,food_bank,node/11435728930
Community Food Pantry,,39.0502187,-94.6027285,We 16:00-17:00; Su 10:00-12:00,osm,,,,food_bank,node/11447368349
Wheatheart Nutrition Project,"324 Main Street, Helena, OK, 73741",36.5469711,-98.2702529,,osm,OK,+1 580 262 0303,,soup_kitchen,node/11494708958
Food Bank of Delaware - Milford Branch,"102 Delaware Veterans Boulevard, Milford, DE, 19963",38.9344795,-75.4548677,,osm,DE,,,food_bank,node/11498106153
Lawrence Meals on Wheels,"2121 Kasold Drive, Lawrence, KS, 66047",38.9453173,-95.2800151,Mo-Fr,osm,KS,+1-785-830-8844,https://www.lawrencemow.org/,soup_kitchen,node/11505260184
Community Food for Creswell Food Pantry,"364 Cobalt Lane, Creswell, OR, 97426",43.9296413,-123.0229173,,osm,OR,+1 541 245 9117,,food_bank,node/11527090846
Maricopa County Government Managed Care System,,33.4247244,-112.0277112,,osm,,,,food_bank,node/11535247426
Raytown Emergency Assistance Program,"9300 East 75th Street, 64138",38.9877858,-94.4725948,,osm,,+1-816-356-0054,https://raytownreap.org/,food_bank,node/11554294569
Manna Food Center,9311 Gaither Road,39.1185452,-77.1920257,,osm,,,,food_bank,node/11590959171
Bethel Area Food Bank,,43.8312466,-72.6361464,,osm,,,,food_bank,node/11593321167
Meals on Wheels Boulder,3701 Canfield Street,40.0404142,-105.2436799,,osm,,,https://mowboulder.org/,food_bank,node/11627740002
Calvary Food Shelf,,44.9322431,-93.2620259,,osm,,,,food_bank,node/11645865194
Culpeper Food Closet,,38.4732012,-77.9935201,,osm,,,,food_bank,node/11666937434
The McGregor Food Pantry,"416 West 2nd Street, McGregor, TX, 76657",31.4401483,-97.4074665,,osm,TX,,,food_bank,node/11667552866
Buckley Kiwanis Food Bank,,47.1640897,-122.0283344,"Mo,We 09:00-12:00",osm,,,,food_bank,node/11685858579
Lakeshore Food Club,"920 East Tinkham Avenue, Ludington, MI, 49431",43.9628298,-86.4317313,"Mo,We 11:00-17:00; Tu,Th 12:00-18:00; Fr 09:00-15:00; Sa 10:00-14:00",osm,MI,+1 231 480 4334,https://www.lakeshorefoodclub.org/,food_bank,node/11697889251
Fraternite Notre Dame Mary of Nazareth House,,37.7834237,-122.4100719,,osm,,,,soup_kitchen,node/11699762308
San Martin De Porres Food Bank,,35.6579007,-106.0119068,,osm,,,,food_bank,node/11722269257
Memorial Drive Church of Christ,"911 South Memorial Drive East, Tulsa, OK",36.1491352,-95.8862389,,osm,OK,,,food_bank,node/11736157712
Faith Centre Food Bank,"131 South Allegheny Street, Bellefonte, PA, 16823",40.9110215,-77.7777142,Tu 10:00-12:00; We 09:00-15:00,osm,PA,+1-814-355-4400,https://faithcentre.info/food-bank/,food_bank,node/11739592926
Groveland Food Shelf,"1900 Nicollet Avenue, Minneapolis, MN, 55403",44.963941,-93.2789345,"Mo,We,Fr 09:30-12:00; Tu,Th 15:00-17:30",osm,MN,+1 612-871-0277,https://www.grovelandfoodshelf.org,food_bank,node/11751851449
Central Storehouse Food Pantry,"8148 John T White Road, 76120",32.7635499,-97.1774461,"Mo-Tu, Th 00:00-16:00; Fr 10:00-12:00",osm,,,https://central-storehouse.org/,food_bank,node/11760127480
Little Free Pantry,"Pratt Street, Longmont, CO, 80501",40.1861274,-105.1082408,,osm,CO,,,food_bank,node/11822811085
Community Food Bank,"1404 South Meridian Road, Jasper, IN, 47546",38.369582,-86.9104992,,osm,IN,,,food_bank,node/11828282382
Shared Abundance,,38.2957489,-86.9561144,,osm,,,,food_bank,node/11831635256
Second Harvest Food Bank,,43.0582928,-89.2958248,Mo-Th 08:00-16:30; Fr 08:00-16:00,osm,,,,food_bank,node/11901932040
Free Sunday Meal at Plymouth Congregational Church,"1900 Nicollet Avenue, Minneapolis, MN, 55403",44.9638323,-93.2785059,"Su[2,3] 17:00-18:00",osm,MN,,,soup_kitchen,node/11919216900
Community Meals,"511 Groveland Avenue, Minneapolis, MN, 55403",44.9665436,-93.287533,"Su[1,5] 17:00-18:00",osm,MN,,https://haumc.org/community-meals,soup_kitchen,node/11919216901
Free Sunday Meal at Westminster Presbyterian,"1200 Marquette Avenue, Minneapolis, MN, 55403",44.9713969,-93.2759089,Su[4] 17:00-18:00,osm,MN,,https://westminstermpls.org/free-community-meals/,soup_kitchen,node/11919216902
FISH of Galesburg,,40.9473627,-90.3845637,,osm,,,,food_bank,node/11919413926
Sebeka Food Shelf,"100 South Jefferson Avenue, Sebeka, MN, 56477",46.6285191,-95.0882786,Th 17:00-19:00,osm,MN,+1 218-837-5228,,food_bank,node/11923733394
Community Emergency Service,"1900 11th Avenue South, Minneapolis, MN, 55404",44.9637034,-93.2585633,"Tu,We,Th 13:00-18:00; Fr 13:00-15:00",osm,MN,+1 612-870-1125,https://cesmn.org/visit-the-food-market/,food_bank,node/11941408455
Food Shelf,"420 15th Avenue South, Minneapolis, MN, 55454",44.970659,-93.2503489,"Mo 12:00-18:00; We, Fr 12:00-16:00",osm,MN,,https://pillsburyunited.org/programs/food-distribution,food_bank,node/11948034491
Produce Distribution,"420 15th Avenue South, Minneapolis, MN, 55454",44.9706201,-93.2503905,"Th [1,3] 12:00-14:00",osm,MN,,https://pillsburyunited.org/programs/produce-days,food_bank,node/11948034492
Loaves & Fishes: Peace House Free Meal,"1816 Portland Avenue, Minneapolis, MN, 55404",44.9645808,-93.2680026,Mo-Fr 17:00-18:00,osm,MN,,https://www.loavesandfishesmn.org/community-meal-sites/peace-house-community,soup_kitchen,node/11961968078
Yarmouth Food Pantry,,41.6518173,-70.2142118,,osm,,,,food_bank,node/11963970689
Source Community Meal & Discussion,"2609 Stevens Avenue, Minneapolis, MN, 55408",44.9550963,-93.2751826,Th 18:00-20:00,osm,MN,,https://sourcemn.org/programs,soup_kitchen,node/11979176787
Source Food Distributions,"2609 Stevens Avenue, Minneapolis, MN, 55408",44.9550959,-93.2750854,Tu 09:30-12:00; We 15:00-18:00; Sa[4] 09:30-11:00,osm,MN,,https://sourcemn.org/programs,food_bank,node/11979176788
Waite House Community Meal,"2323 11th Avenue South, Minneapolis, MN, 55404",44.9598227,-93.2565568,Mo-Th 11:00-12:30,osm,MN,,,soup_kitchen,node/11981558603
Waite House Food Shelf,"2323 11th Avenue South, Minneapolis, MN, 55404",44.9597715,-93.25653,"Mo 12:00-16:00; Tu, Th 10:00-12:00, 13:00-16:00",osm,MN,,,food_bank,node/11981558604
Waite House Produce Distribution,"2323 11th Avenue South, Minneapolis, MN, 55404",44.9597886,-93.2566681,"We[2,4] 10:00-12:00",osm,MN,,,food_bank,node/11981558605
Soup for You!,"2730 East 31st Street, Minneapolis, MN, 55406",44.9472283,-93.2319398,Mo-Fr 12:00-13:00,osm,MN,+1-612-978-7974,https://soupforyou.info,soup_kitchen,node/11984276083
Soup For You! Groceries Distribution,"2730 East 31st Street, Minneapolis, MN, 55406",44.9472359,-93.2321014,,osm,MN,+1-612-978-7974,https://soupforyou.info,food_bank,node/11984276084
Community Meal,"1701 North Oak Park Avenue, Minneapolis, MN, 55411",44.9874346,-93.3023878,Tu-Th 16:00-18:00,osm,MN,,,soup_kitchen,node/11984814581
Daily Bread Food Pantry,,42.7985398,-73.9237459,,osm,,,https://www.stlukesschenectady.org/food-pantry-urban-ministry/,food_bank,node/11989107082
Sycamore Collaborative Food Pantry,,42.8062097,-73.9349505,,osm,,,,food_bank,node/11990977531
Community Aid Network MN,"4120 17th Avenue South, Minneapolis, MN, 55407",44.9280527,-93.2503085,Mo 12:00-14:00; Th 17:00-19:00,osm,MN,,https://www.canmn.org,food_bank,node/11993259181
San Francisco-Marin Food Bank,,37.9495524,-122.4909463,,osm,,,,food_bank,node/11998235770
The Mary F. Frey Opportunity Center,"740 East 17th Street, Minneapolis, MN, 55404",44.9664378,-93.2628032,,osm,MN,,,soup_kitchen,node/12001088135
Loaves and Fishes,,44.5281492,-68.3925996,,osm,,,,food_bank,node/12015972165
Pike Market Food Bank,,47.6089417,-122.3421848,,osm,,,,food_bank,node/12021390361
Hungry Wildcat Food Pantry,,39.7275114,-121.8455588,Mo-Fr 10:30-16:30; May 20-Aug 23 Mo-Th 10:30-14:30,osm,,+1-530-898-4098,https://www.csuchico.edu/basic-needs/resources/pantry.shtml,food_bank,node/12027848862
St. Vincent de Paul Food Pantry,,42.9811508,-70.9572937,"Mo 10:00-12:00, 19:00-20:00; We, Fr 10:00-12:00",osm,,+1-603-772-9922,https://www.svdpexeter.com,food_bank,node/12032173272
People Helping People,,42.1261869,-89.2586702,,osm,,,,food_bank,node/12054083771
Robles FoodShare Resource Center,"802 West Historic Mitchell Street, Milwaukee, WI, 53204",43.0124499,-87.9214832,,osm,WI,+1-414-238-6484,https://www.hungertaskforce.org/get-help/foodshare-resources/,food_bank,node/12056074476
Robles FoodShare Resource Center,"723 West Historic Mitchell Street, Milwaukee, WI, 53204",43.0121784,-87.9206786,,osm,WI,+1 414-238-6484,,food_bank,node/12057369179
Macedonia Pantry,"340 East 106th Street, 10029",40.7897967,-73.9408772,Fr 10:00-11:30,osm,,,,food_bank,node/12060132666
McLeod Food Shelf,"719 13th Street East, Glencoe, MN, 55336",44.7723708,-94.1527663,,osm,MN,+1-320-864-2088,https://mcleodemergencyfoodshelf.org/,food_bank,node/12078969681
Community Kitchen,"1910 West Fourth Plain Boulevard, Vancouver, 98660",45.6406981,-122.6913911,,osm,,,https://www.thekitchenwa.org/,food_bank,node/12083494156
Food Bank of North Alabama,"225 Finney Road Southwest, Huntsville, AL, 35824",34.6437982,-86.7516234,,osm,AL,+1-256-539-2256,https://www.foodbanknorthal.org/,food_bank,node/12089704798
Food Pantry,,40.2059294,-76.3697056,,osm,,,,food_bank,node/12095780557
Salem Pantry,"47 Leavitt Street, Salem, MA, 01970",42.5150849,-70.8894934,"Tu,Th,Fr 10:00-12:00,13:00-16:30; We 16:00-20:00; Sa 10:00-14:00",osm,MA,,,food_bank,node/12105261753
Bread of Life,"54 Eastern Avenue, Malden, MA, 02148",42.4243732,-71.0660011,"We,Fr 13:00-16:00",osm,MA,+1-781-397-0404,https://www.breadoflifemalden.org/,food_bank,node/12106141111
Little Free Pantry,,40.7995522,-96.6362601,,osm,,,,food_bank,node/12117703154
Fresh Harvest Food Pantry,"1830 Hanley Road, Hudson, WI, 54016",44.9517783,-92.7318763,,osm,WI,,https://www.hudsonbackpack.com/,food_bank,node/12121242100
Project Salt,"73 South Tegner Street, Wickenburg, AZ",33.9683912,-112.7292141,,osm,AZ,+1-928-985-0165,https://projectsaltwickenburg.com/,food_bank,node/12133205466
Otsego County United Way,"116 East 5th Street, Gaylord, MI, 49735",45.0212479,-84.6728017,Mo-Fr 09:00-16:00,osm,MI,+1-989-732-8929,https://www.otsegounitedway.org/,food_bank,node/12148087352
Otsego County Food Pantry,"116 East 5th Street, Gaylord, MI, 49735",45.021249,-84.6729999,"Mo-Tu,Th-Fr 12:00-14:00; We 12:00-14:00,17:00-19:00",osm,MI,+1-989-732-8929,https://www.otsegocountyfoodpantry.org/,food_bank,node/12148087353
Princeton Moblie Food Pantry,,40.3611614,-74.6505269,,osm,,,https://www.pmfpantry.org/,food_bank,node/12152402308
Saint Cecilia's Food Pantry,"125 East 105th Street, 10029",40.7919483,-73.9473268,We 09:00-12:00,osm,,+1 212 348 0488,https://cccsny.org/services/neighborhood-centers-east-harlem,food_bank,node/12154563494
Matawan Community Food Pantry,,40.4095785,-74.2318061,,osm,,,,food_bank,node/12163410170
The Lighthouse (Waterville Area Soup Kitchen),,44.5559427,-69.6299585,,osm,,,,soup_kitchen,node/12166170025
Free Pantry,,35.2495292,-91.7404377,24/7,osm,,,,food_bank,node/12184382211
Healdsburg Food Pantry,"1505 Healdsburg Avenue, Healdsburg, CA, 95448",38.6293491,-122.8729099,,osm,CA,+1-707-385-6458,https://www.healdsburgfoodpantry.org/,food_bank,node/12185246108
Astoria Food Pantry,,40.7660451,-73.9134806,,osm,,,,food_bank,node/12202831609
Morris Brown A.M.E. Church,"1756 North 25th Street, Philadelphia, PA, 19121",39.982431,-75.1755468,"We 10:00-12:00 ""food pantry (usually 2nd week)"", Th 12:00-13:00 ""soup kitchen"", Jun-Sep off",osm,PA,+1 215-763-4707,,food_bank,node/12209538513
Dover Food Pantry,,43.1907237,-70.8741131,,osm,,,,food_bank,node/12212596320
Plateau Outreach Ministries Food Bank,,47.2052317,-121.9885628,We 09:30-12:00,osm,,,,food_bank,node/12212749626
Faith Kitchen,,42.3668996,-71.1072152,"Tu[2],Tu[-1] 18:30-19:30",osm,,,https://www.faithkitchen.org/,soup_kitchen,node/12230831174
Roger E. Jessee Community Food Bank,"Castlewood, VA, 24224",36.8892217,-82.3052068,,osm,VA,,,food_bank,node/12240014272
JCEO Food Pantry,,44.6968626,-73.4526544,,osm,,,,food_bank,node/12245467501
Bridging The Gap In Blount County,"28252 Alabama 75, Oneonta, AL, 35121",33.9392063,-86.4873542,,osm,AL,+1 205-353-1753,https://www.bridgingthegapinblountcounty.org/,food_bank,node/12265501902
NCBC Food Shelf,"1414 East 48th Street, Minneapolis, MN, 55417",44.9162696,-93.253986,"Sa[1,3] 10:00-14:00",osm,MN,+1-612-825-6933,https://newcreationbaptistchurchmn.org/food-shelf,food_bank,node/12289369182
Loaves & Fishes: Life Center Free Meal,"1812 Park Avenue, Minneapolis, MN, 55404",44.9647792,-93.2654244,Tu-Fr 13:00-15:00,osm,MN,,https://www.loavesandfishesmn.org/meal-locations/iccm-life-center,soup_kitchen,node/12290675352
North Beach Food Alliance,,47.0162878,-124.1650119,,osm,,,,food_bank,node/12308426845
Adams Food Pantry,"1874 State Highway 13, Friendship, WI, 53934",43.9854133,-89.8120617,,osm,WI,,,food_bank,node/12333470580
Valley View Community Food Bank,"Youngtown, AZ, 85363",33.5944625,-112.3018947,,osm,AZ,,,food_bank,node/12333953671
Amelia Food Pantry,,37.3024002,-78.0874247,,osm,,,,food_bank,node/12384638141
Big Stone Gap Food Bank,,36.8603459,-82.7897239,,osm,,,,food_bank,node/12386786535
Our Giving Box,,37.5267787,-77.3516954,,osm,,,,food_bank,node/12389172875
FUS Free Meal,"900 Mount Curve Avenue, Minneapolis, MN, 55403",44.9672565,-93.2903657,Su 11:30-12:15,osm,MN,,,soup_kitchen,node/12389302378
St Vincent De Paul,,40.567277,-89.6422042,,osm,,,,food_bank,node/12401113971
Hoquiam Food & Clothing Bank,"724 K Street, Hoquiam, WA, 98550",46.9760412,-123.8864032,"Mo,Fr 12:00-14:00",osm,WA,,,food_bank,node/12408577745
Winfield Township Food Pantry,"10645 Randolph Street, Winfield, IN, 46307",41.4247958,-87.2384769,Mo-Th 08:30-14:30,osm,IN,,https://foodbanknwi.org/,food_bank,node/12423592222
Lake Norden Food Pantry,"405 3rd Avenue North, Lake Norden, SD, 57248",44.5833671,-97.2118313,,osm,SD,+1 605 785 3277,,food_bank,node/12428170965
Grand Meadow Food Shelf,"209 2nd Avenue Northeast, Grand Meadow, MN, 55936",43.7077052,-92.5708564,,osm,MN,+1-507-481-7543,,food_bank,node/12437662156
St. Vincent DePaul Parish Food Pantry,,42.6631474,-73.7870954,,osm,,,,food_bank,node/12450195073
Market off 50,"995 Lila Avenue, Milford, OH, 45150",39.1747396,-84.2758366,,osm,OH,,https://impactingtomorrow.com/market-off-50,food_bank,node/12454169919
Scout Fridge,"10 South Lancaster Avenue, Aurora, IL, 60506",41.7614757,-88.3345361,,osm,IL,,https://auroramutualaid.org/fridgeproject,food_bank,node/12461896213
OG Fridge,"223 Spring Street, Aurora, IL, 60506",41.7580882,-88.3093141,,osm,IL,,https://auroramutualaid.org/fridgeproject,food_bank,node/12461896214
Food Share Box,,30.9057901,-83.2650288,,osm,,,,food_bank,node/12463731437
4Saints Episcopal Food Pantry,,32.7462175,-97.2591106,,osm,,,,food_bank,node/12472048137
St. Stephen's,,42.4765029,-90.7100627,,osm,,,,food_bank,node/12480409292
Apna Food Pantry Brighton Beach,225 Neptune Avenue,40.5817204,-73.9616806,,osm,,+1 718-513-4700,,food_bank,node/12493102987
Common Ground Relief Free Pantry,"1804 Deslonde Street, New Orleans, LA, 70117",29.9704205,-90.0218939,,osm,LA,,,food_bank,node/12497742898
FOCUS Interfaith Food Pantry,,42.6545432,-73.7610228,,osm,,,,food_bank,node/12505486791
The Table,,35.2477567,-91.7278759,Mo-Fr 12:00-19:00; SH off,osm,,,https://www.harding.edu/life-at-harding/the-table/,food_bank,node/12507357409
12 Baskets,,35.5785507,-82.5881492,,osm,,,,soup_kitchen,node/12512346794
New Salem Baptist Church,"1721 North Croskey Street, Philadelphia, PA, 19121",39.9810889,-75.1714323,Th[3] 10:00-12:00,osm,PA,+1 267-231-2318,,food_bank,node/12513010039
Reunity Fridge,1829 San Ysidro Crossing,35.6607842,-106.0128644,,osm,,,,food_bank,node/12517155643
New Mt. Zion,"1501 North 20th Street, Philadelphia, PA, 19121",39.9772409,-75.1676691,"We 12:00-13:30, Fr 12:00-14:30",osm,PA,+1 215-235-3820,,food_bank,node/12518357534
Capital City Rescue Mission Kitchen,,42.6427432,-73.7565481,,osm,,,,soup_kitchen,node/12527109304
Food and clothing outreach at Minneapolis First Seventh-day Adventist Church,"2315 Nicollet Avenue, Minneapolis, MN, 55404",44.9595612,-93.2774111,Th 17:00-18:30,osm,MN,,,food_bank,node/12527841061
Georgetown Food Bank,"5972 4th Avenue South, Seattle, WA, 98108",47.5486172,-122.3292535,"Tu,Th,Fr 11:00-14:00",osm,WA,+1-206-767-9975,,food_bank,node/12552582493
Food Support Connections,"184 Wyckoff Avenue, Brooklyn, NY, 11237",40.7018115,-73.9155208,"""by appointment""",osm,NY,,,food_bank,node/12554317124
Greenpoint Hunger Program,"123 Milton Street, Brooklyn, NY 11222",40.72955,-73.9559635,"We 18:00-19:00, Th 16:00-19:00",osm,,,,food_bank,node/12554351331
St. John's Bread and Life: Mobile Soup Kitchen,"240 Division Avenue, Brooklyn, NY, 11211",40.7069715,-73.9575568,,osm,NY,,,food_bank,node/12554381248
Transfiguration Church,"263 Marcy Avenue, Brooklyn, NY, 11211",40.7053954,-73.9559482,,osm,NY,,,food_bank,node/12554389753
Trinity Human Services Corp.,"153 Johnson Avenue, Brooklyn, NY, 11206",40.7068642,-73.9441822,,osm,NY,,,food_bank,node/12554403033
Catholic Charaties Brooklyn and Queens,"333 Hart Street, Brooklyn, NY, 11206",40.6950366,-73.9362832,,osm,NY,,,food_bank,node/12554598806
Food Ministries,,30.8310831,-83.2809743,,osm,,,,food_bank,node/12559127875
Gallatin Valley Food Bank,,45.6996016,-111.0357461,,osm,,,,food_bank,node/12560727407
NourishMKE,"10230 West Fond du Lac Avenue, Milwaukee, WI, 53224",43.1396238,-88.0393334,,osm,WI,,,food_bank,node/12574604284
Catholic Worker Mission,,29.4417536,-98.3983505,Mo-Fr 08:30-12:00,osm,,+1 210 2247736,https://www.sa-catholicworker.org/,food_bank,node/12581472695
Care and Share Food Bank,"2605 Preamble Point, Colorado Springs, CO, 80915",38.8685245,-104.7123607,,osm,CO,+1 719-528-1247,https://careandshare.org/,food_bank,node/12586886838
Saint Mary's Soup Kitchen,"155 Market Street, Memphis, TN, 38105",35.15116,-90.0481886,Mo-Sa 07:00-10:00,osm,TN,+1-901-522-9420,https://stmaryssoupkitchen.org/,food_bank,node/12605651583
Cafe Racer Free Meal,"2929 East 25th Street, Minneapolis, MN, 55406",44.9572297,-93.228549,Mo[-1] 11:00-13:00,osm,MN,+1-612-208-1695,https://www.caferacermn.com/community-engagement,soup_kitchen,node/12610192940
Salem Lutheran Church Free Tuesday Meal,"4150 North Dupont Avenue, Minneapolis, MN, 55412",45.031434,-93.2926949,Tu 18:00+,osm,MN,,,soup_kitchen,node/12610192953
FCS Food Hub,"2600 East 38th Street, Minneapolis, MN, 55406",44.9344401,-93.2342352,"Sa[2,4] 09:00-12:00",osm,MN,,https://www.friendshipcommunityservices.org/food-hub.html,food_bank,node/12610744063
"Meals on Wheels of Central Maryland, Inc.","515 South Haven Street, Baltimore, MD, 21224",39.2860437,-76.5622085,,osm,MD,,https://www.mealsonwheelsmd.org/,food_bank,node/12634535957
East Baltimore Church of God Food Distribution Center,"800 Oldham Street, Baltimore, MD, 21224",39.2837062,-76.5560445,,osm,MD,,,food_bank,node/12634535958
Canton Baptist Church - Food Distribution Center,"3302 Toone Street, Baltimore, MD, 21224",39.2785848,-76.5687924,,osm,MD,,https://www.cantonbaptist.net/,food_bank,node/12634535960
The Fells Point Compassion Center,"1706 Eastern Avenue, Baltimore, MD, 21231",39.2857218,-76.5927654,,osm,MD,,,food_bank,node/12634535961
Living Classrooms / Project Serve - Food Distribution Center,"802 South Caroline Street, Baltimore, MD, 21231",39.2816648,-76.5978041,,osm,MD,,,food_bank,node/12634535962
Beans & Bread,"400 South Bond Street, Baltimore, MD, 21231",39.286377,-76.5955579,,osm,MD,,,food_bank,node/12634535963
First Apostolic Faith Church - Food Distribution Center,"40 South Caroline Street, Baltimore, MD, 21231",39.2903896,-76.5972704,,osm,MD,,,food_bank,node/12634535964
Waters AME - Food Distribution Center,"417 Aisquith Street, Baltimore, MD, 21202",39.2954122,-76.6014962,,osm,MD,+14106752640,,food_bank,node/12634535965
The Door Food Pantry - Food Distribution Center,"219 North Chester Street, Baltimore, MD, 21231",39.2948937,-76.5874795,,osm,MD,,,food_bank,node/12634535966
Amazing Grace Evangelical Lutheran Church - Food Distribution Center,"2426 McElderry Street, Baltimore, MD, 21205",39.2978566,-76.5827447,,osm,MD,,https://www.amazinggracelutheran.org/,food_bank,node/12634535967
Lilly's Place - Food Distribution Center,"3701 4th Street, Baltimore, MD, 21225",39.2357754,-76.6059822,,osm,MD,,,food_bank,node/12666955532
The Baltimore Station - Food Distribution Center,"140 West West Street, Baltimore, MD, 21230",39.2760465,-76.6184365,,osm,MD,,,food_bank,node/12671171017
St. Margarets Food Pantry,,43.1003567,-75.231034,,osm,,,,food_bank,node/12672976175
Voluntary Action Center Food Bank,,34.4979765,-84.9522316,"Mo,We,Fr 10:00-14:00",osm,,+1 706-629-7283,http://www.voluntaryactioncenter.org,food_bank,node/12685169736
Little Lake Grange,,39.4097691,-123.3558629,,osm,,,,food_bank,node/12685483676
Vouluntary Action Center Community Kitchen,,34.4978906,-84.9524552,"Mo-Th 11:00-12:30,17:00-18:00; Fr 11:00-12:30",osm,,+1 706-629-7283,http://www.voluntaryactioncenter.org,soup_kitchen,node/12688678829
Pine Knolls Food Bank,,43.2814748,-73.6356212,,osm,,+1 518-793-7101,,food_bank,node/12691143917
Barbie Mansions Food Pantry,"315 South Durham Street, Baltimore, MD, 21231",39.2872699,-76.5908158,,osm,MD,,,food_bank,node/12697521315
Govans Community Fridge,"5104 York Road, Baltimore, MD, 21212",39.3509296,-76.6109641,,osm,MD,,,food_bank,node/12697521316
Free Pantry,"4248 1/2 Falls Road, Baltimore, MD, 21211",39.3405719,-76.6394021,24/7,osm,MD,,,food_bank,node/12697521318
GBCS,"121 Depot Street, Bennington, VT, 05201",42.8809035,-73.1982081,,osm,VT,,https://gbicsbennington.org/,food_bank,node/12702346349
Mahomet Helping Hands Food Pantry,"203 E. Adams Street, Mahomet, IL, 61853",40.1899697,-88.4059481,,osm,IL,+1-217-493-3178,https://www.mhhfoodpantry.org,food_bank,node/12707915230
Ebenezer Outreach,,39.2799854,-76.6153401,,osm,,,,food_bank,node/12710359719
First Lutheran Church of Plano - Food Pantry,"200 North Center Street, Plano, 60545",41.6647788,-88.5373292,Fr[3] 18:00-19:30,osm,,+1-630-553-0473,,food_bank,node/12723611212
Helmar Lutheran Food Pantry,"11935 Lisbon Road, Newark, 60541",41.5457256,-88.4841918,Fr[2] 17:00-19:00; Mo[4] 15:00-17:00,osm,,+1-815-695-5489,,food_bank,node/12724223947
City Hope,,33.3663631,-111.8237101,,osm,,,,food_bank,node/12724740590
Rams Against Hunger Food Pantry,1251 Mason Street,40.5718095,-105.0792344,"Mo, We, Th 14:00-17:00; Tu 09:00-12:00",osm,,,https://lsc.colostate.edu/slice/community-engagement/rams-against-hunger/,food_bank,node/12726232445
Adams Chapel Food Pantry,"3813 Egerton Road, Baltimore, MD, 21215",39.3282144,-76.6821952,Sa 11:00-13:00,osm,MD,+1-410-542-6200,,food_bank,node/12728650847
All Saints Food Pantry,"4408 Liberty Heights Avenue, Baltimore, MD, 21207",39.330684,-76.6912381,We 11:00-13:00,osm,MD,+1-410-542-0445,,food_bank,node/12728650848
Ames Memorial & Shalom Pantry,"615 Baker Street, Baltimore, MD, 21217",39.3077852,-76.6408412,,osm,MD,+1-410-523-5556,,food_bank,node/12728650849
Bread of Life Ministry,"1501 McCulloh Street, Baltimore, MD, 21217",39.3043401,-76.6296879,,osm,MD,,,food_bank,node/12728650851
Brooklyn Homes Brown Bag Club,"4140 10th Street, Baltimore, MD, 21225",39.2286805,-76.5989624,,osm,MD,+1-410-355-9514,,food_bank,node/12728650852
Mill Creek Community Food Bank,,47.8618715,-122.1742627,,osm,,,,food_bank,node/12730374767
Masbia,"5402 New Utrecht Avenue, 11219",40.6323425,-73.9954444,,osm,,,https://www.masbiaboropark.org,food_bank,node/12732221751
Mission of Love and Hope Food Bank Outreach Center,,41.0637413,-75.0609327,,osm,,,,food_bank,node/12749223242
Northern Illinois Foodbank Indoor Market,"Sandy Hollow Road, Rockford, IL",42.2216892,-89.0758046,,osm,IL,,,food_bank,node/12749273890
Mount Olivet Community Meals,"5025 Knox Avenue South, Minneapolis, MN, 55419",44.9117802,-93.3014556,Th 16:00-17:30,osm,MN,,,soup_kitchen,node/12767087362
First Nations Kitchen Fee Meal,"3044 Longfellow Avenue, Minneapolis, MN, 55404",44.9467205,-93.2464991,Su 16:00-17:00,osm,MN,,https://firstnationskitchen.org,soup_kitchen,node/12767874751
New Creations Ministries Mother Jeanette Frazier Food Shelf,"5144 13th Avenue South, Minneapolis, MN, 55417",44.9091567,-93.2567087,Mo 18:00-19:00,osm,MN,,https://newcreationsministries.com/food-shelf,food_bank,node/12768990010
Buxton Food Cupboard,,43.6490648,-70.5409684,,osm,,,,food_bank,node/12776449115
Helpline House,,47.630509,-122.5190694,,osm,,+1-206-842-7621,https://www.helplinehouse.org/,food_bank,node/12784739025
Integrated Family Community Services,"3370 South Irving Street, Englewood, CO, 80110",39.6564448,-105.0292287,,osm,CO,,https://ifcs.org/,food_bank,node/12786328606
Victor Farmington Food Cupboard,"6548 Anthony Drive, Victor, NY, 14564",42.9758436,-77.3886674,"Mo,We,Fr 09:30-23:15, We,Th 17:30-19:15",osm,NY,+1-585-924-2720,https://vffood.org/,food_bank,node/12793715275
Alden UMC Little Free Food Pantry,,44.881144,-85.27349,,osm,,,,food_bank,node/12800905871
Blue Ridge Area Food Bank,"501 12th Street, Lynchburg, VA, 24504",37.4110911,-79.1434598,,osm,VA,+1 434 845 4099,https://www.brafb.org,food_bank,node/12802892195
Good Samaritan Food Pantry,,37.0867882,-81.8070693,,osm,,,,food_bank,node/12819565831
Pratt Free Market,,39.2864554,-76.5666746,,osm,,,https://www.prattlibrary.org/about-us/diversity-equity-inclusion/dei-projects/pratt-free-market,food_bank,node/12830234892
Burton Food Cupboard,"14558 West Park Street, Burton, OH, 44021",41.4724879,-81.1461052,,osm,OH,,,food_bank,node/12838432873
Clarksville Food Pantry,"103 Woodland Drive, Clarksville, VA, 23927",36.6207103,-78.5722575,"Mo,Sa 09:00-12:00",osm,VA,,https://www.clarksvillefoodpantry.org/,food_bank,node/12840607961
Our Community Hunger Center Inc,,41.3128022,-81.438783,,osm,,,,food_bank,node/12851409544
First Fruits,"225 Goodrich Street, Vassar, MI, 48768",43.3678696,-83.5796433,,osm,MI,,https://www.facebook.com/FirstFruits.HisGlory?mibextid=eHce3h,food_bank,node/12853885163
Hope House Food Bank,"1000 Lincoln Avenue, Oneonta, AL, 35121",33.9569043,-86.4667301,,osm,AL,+1 205-625-4673,,food_bank,node/12865354418
KidsPak,,40.4624794,-105.0795799,,osm,,,https://kidspak.org/,food_bank,node/12874338538
Black Diamond Food Bank,,47.3182828,-122.0054362,"Mo,We 09:00-16:00",osm,,,,food_bank,node/12876200318
L.I.F.E. Church Ministries Food Pantry,,39.2358509,-76.611142,Tu 17:00-18:00,osm,,,,food_bank,node/12887028310
Little Free Pantry,,47.7904271,-122.2744023,,osm,,,,food_bank,node/12902561779
Saturday Mobile Food Truck,,44.9777819,-93.2802864,Sa 17:15+,osm,,,,food_bank,node/12950563096
Pioneer Provisions,,42.7325657,-90.4948556,,osm,,,https://www.uwplatt.edu/department/dining-and-campus-card-office/pioneer-provisions,food_bank,node/12961456127
Mobile Food Pantry at Season’s Park,"951 East 77th Street, Richfield, MN, 55423",44.8629015,-93.2605473,Tu[1] 14:00-15:30,osm,MN,,https://veap.org/series/mobile-food-pantry-at-seasons-park,food_bank,node/12967224077
NW Community Food,,38.9459421,-77.0652515,Su 13:00-15:00,osm,,,https://nwcommunityfood.net,food_bank,node/12972073938
The Storehouse,,47.3668274,-122.1029019,,osm,,,,food_bank,node/12983053640
Richwood Food Pantry,,38.2258222,-80.5308667,,osm,,,,food_bank,node/12988374976
Resource Center of Hope,,38.2253131,-80.5324592,,osm,,,,food_bank,node/12993208957
ICNARelief,,38.6917229,-90.3948189,,osm,,,,food_bank,node/13010048314
The Giving Plate,,44.03188,-121.3075545,We 14:00-18:00; Th-Fr 10:00-16:00; Sa 10:00-14:00,osm,,,,food_bank,node/13016346701
Broken Arrow Church of Christ Food Pantry,,36.0589492,-95.7847961,,osm,,,,food_bank,node/13019796700
Chambersburg Food Bank,"533 South Main Street, Chambersburg, PA, 17201",39.9294948,-77.6638399,,osm,PA,,,food_bank,node/13028841442
Bond Hill Food Pantry,"1626 Anita Place, Cincinnati, OH, 45237",39.1752934,-84.4694647,,osm,OH,,,food_bank,node/13039697835
Barnstead Food Pantry,,43.3400736,-71.2630341,,osm,,,,food_bank,node/13039788265
Ithaca Kitchen Cupboard,"150 North Albany Street, Ithaca, NY, 14850",42.439839,-76.501921,,osm,NY,,,food_bank,node/13059510255
"Nederland Food Pantry, Clothing Closet and Community Gardens","196 W 1st ST, Nederland, CO, 80466",39.9616708,-105.5121663,Tu 10:00-15:00; Th 10:00-13:00; Sa 10:00-12:00,osm,CO,+1-720-418-0892,https://www.nederlandfoodpantry.org/,food_bank,node/13075078988
The Storehouse,106 Broadway Boulevard Southeast,35.0832057,-106.6442926,,osm,,,,food_bank,node/13086735646
Vegan Chef Collective,1697 Lafond Avenue,44.9604985,-93.1719112,"Mo,We,Fr-Su off; Tu 11:00-20:00; Th 13:00-15:00,17:00-20:00",osm,,,,soup_kitchen,node/13087589537
Divine Sent Food Cupboard,"198 Barnsley Road, Oxford, PA, 19363",39.7624634,-75.9899913,Tu 09:15-12:00; We 19:15-18:30,osm,PA,+1 610-932-3377,https://www.divinesent.org/,food_bank,node/13109126077
Saint Paul's Food Pantry,"261 South 900 East, Salt Lake City, UT, 84102",40.7634698,-111.8647722,Sa 09:00-13:00,osm,UT,,https://www.stpauls-slc.org/pantry,food_bank,node/13117501208
Greencastle/Antrim Food Pantry,"57 West Baltimore Street, Greencastle, PA, 17225",39.7905524,-77.7292791,,osm,PA,,,food_bank,node/13130914447
Bountiful Blessings Food Pantry,"1400 Warm Spring Road, Chambersburg, PA",39.903492,-77.7162516,,osm,PA,,,food_bank,node/13131069611
Bountiful Blessings @ St James AME,"510 South Main Street, Chambersburg, PA, 17201",39.930005,-77.6627501,,osm,PA,+1-717-264-4225,,food_bank,node/13131069636
Falling Spring Presbyterian Church Food Pantry,"221 North Main Street, Chambersburg, PA, 17201",39.9399239,-77.6614787,,osm,PA,+1-717-264-5715,,food_bank,node/13131069637
First United Methodist Church Food Pantry,"225 South 2nd Street, Chambersburg, PA",39.9335719,-77.6606046,,osm,PA,+1-717-263-8491,,food_bank,node/13131069638
Ballard Vale Food Pantry,,42.6301364,-71.1635414,,osm,,,https://www.villagefoodhub.org/pantry-program.html,food_bank,node/13138332596
Basic Needs Center,,47.0734546,-122.975841,,osm,,,,food_bank,node/13140369766
Saint James Food Bank,"7486 South Union Park Avenue, Midvale, UT, 84047",40.6148264,-111.8595571,"Su[2,4] 13:00-15:00",osm,UT,,https://www.stjamesutah.com/stjamesfoodbank,food_bank,node/13161553415
MOSAIC Inter-Faith Ministries Manna Pantry,"20 West 2700 South, South Salt Lake, UT, 84115",40.712782,-111.8916668,Mo 08:00-15:00; Tu-Th 10:00-15:00,osm,UT,+1 801-588-0139;+1 877-388-5778;+1 801-721-2641,https://www.lssu.org/,food_bank,node/13166901214
MOSAIC Inter-Faith Ministries Manna Market,"2797 South 200 East, South Salt Lake, UT, 84115",40.7106605,-111.8842202,Tu-Th 08:00-10:00,osm,UT,+1 801-588-0139;+1 877-388-5778;+1 801-721-2641,https://www.lssu.org/,food_bank,node/13166901262
Somali Community Self-Management Agency Food Pantry,"1578 West 1700 South, Salt Lake City, UT, 84104",40.7335206,-111.9351604,,osm,UT,+1 801-487-0822,https://somcsma.org/foodpantry,food_bank,node/13167022061
Micro Pantry: Cary Square @ Temple Emmanuel,"60 Tudor Street, Chelsea, MA, 02150",42.3982523,-71.0303885,24/7,osm,MA,,https://healthychelsea.org/food-security/,food_bank,node/13168033122
Cultivate Food Rescue,,41.6817808,-85.8891672,,osm,,,https://cultivatefoodrescue.com/elkhart,food_bank,node/13182369622
The Pantry,,42.885359,-85.6278682,,osm,,,,food_bank,node/13226440277
SWEM Community Services,"1049 Wegman Road, Rochester, NY, 14624",43.1490202,-77.7125396,Mo-Fr 10:30-13:30,osm,NY,+1 585-235-4491,,food_bank,node/13226828196
Eastside Ministries of Fort Worth,"5929 East Lancaster Avenue, Fort Worth, TX, 76112",32.7362689,-97.2284662,Mo-Fr 08:00-12:00,osm,TX,+1-817-446-3278,https://eastsidecommunityassistance.com/,food_bank,node/13232201349
Our Daily Bread Food Pantry,,25.9348706,-81.698506,,osm,,,,food_bank,node/13252322140
UMOS South Side Food Pantry,"2701 South Chase Avenue, Milwaukee, WI, 53207",42.9949137,-87.9133809,,osm,WI,,https://www.umos.org/food-pantry/,food_bank,node/13253330436
Niles Township Food Pantry,"8341 Lockwood Avenue, Skokie, IL, 60077",42.0329266,-87.7589831,,osm,IL,,,food_bank,node/13256154959
Gathering Meal at Mount Carmel,"8421 West Center Street, Milwaukee, WI, 53222",43.0682357,-88.0177698,,osm,WI,,https://www.mountcarmelchurch.org/serve-our-community,soup_kitchen,node/13259772273
St. Rose Food Pantry,"540 North 31st Street, Milwaukee, WI, 53208",43.0370262,-87.9520972,,osm,WI,+1 414 342 1778,https://www.stmichael-strose.org/food-pantry-and-clothing,food_bank,node/13259791757
Unity Food Pantry,"1007 East Oklahoma Avenue, Milwaukee, WI, 53207",42.9880822,-87.8963216,,osm,WI,+1-414-744-6311,https://www.unitymilwaukee.org/outreach.html,food_bank,node/13259795773
Souls Harbor Baptist Church Food Pantry,"3800 South Howell Avenue, Milwaukee, WI, 53207",42.975469,-87.9091587,,osm,WI,+1-414-342-1234,https://www.shbcmilwaukee.com/ministries/,food_bank,node/13259810402
Brentwood Church of Christ Food Pantry,"6425 North 60th Street, Milwaukee, WI, 53223",43.1356511,-87.9864496,,osm,WI,+1 414 353 6757,https://www.brentwoodcoc.com/eventnews/food-pantry,food_bank,node/13259861997
Micro Pantry: Iglesia La Luz de Cristo / SELAH Resource Center,"738 Broadway, Chelsea, MA, 02150",42.3966371,-71.0276073,24/7,osm,MA,,https://healthychelsea.org/food-security/,food_bank,node/13265241934
Micro Pantry: CAPIC Head Start,"67 Crescent Avenue, Chelsea, MA, 02150",42.3951698,-71.0281504,24/7,osm,MA,,https://healthychelsea.org/food-security/,food_bank,node/13265241935
Micro Pantry: Early Learning Center,"99 Hawthorn Street, Chelsea, MA, 02150",42.3897303,-71.0348491,24/7,osm,MA,,https://healthychelsea.org/food-security/,food_bank,node/13265241936
Micro Pantry: Jordan Boys and Girls Club / Highland Park,"30 Willow Street, Chelsea, MA, 02150",42.3874758,-71.0272612,24/7,osm,MA,,https://healthychelsea.org/food-security/,food_bank,node/13265241937
Micro Pantry: Senior Living at Bellingham Hill,"100 Bellingham Street, Chelsea, MA, 02150",42.3915161,-71.02927,24/7,osm,MA,,https://healthychelsea.org/food-security/,food_bank,node/13265241938
Crossroads Urban Center Downtown Pantry,"347 South 400 East, Salt Lake City, UT, 84111",40.7616004,-111.8792777,Mo-Fr 09:00-17:00,osm,UT,+1 801-364-7765;+1 888-747-8482,https://www.crossroadsurbancenter.org/downtown.html,food_bank,node/13266310497
The Rock Food Pantry,,36.0050449,-106.0633948,,osm,,+1-505-753-2094,https://therockchristianfellowshipblog.wordpress.com/,food_bank,node/13270527591
Standish Food Pantry,,43.7585871,-70.5278823,Mo 09:30-11:00; We 16:00-18:30,osm,,+1 207-358-0359,,food_bank,node/13270607795
Furrbaby Food Pantry,"1603 Northwest Boulevard, Georgetown, TX, 78628",30.6581408,-97.6779569,,osm,TX,,,food_bank,node/13274608013
Micro Pantry: Washington Park,"Washington Avenue, Chelsea, MA, 02150",42.4058015,-71.0354382,24/7,osm,MA,,https://healthychelsea.org/food-security/,food_bank,node/13279780781
Collinsville Food Pantry,,38.6738407,-90.0186578,Mo-Fr 09:00-14:00,osm,,,,food_bank,node/13289945248
Lilian S. Besore Memorial Library Minni Food Pantry,"305 East Baltimore Street, Greencastle, PA, 17225",39.7884697,-77.7218851,,osm,PA,,,food_bank,node/13295858756
Salvation Army Renton Rotary Food Bank & Service Center,,47.4840444,-122.2140202,,osm,,,,food_bank,node/13298251109
La Habra Community Care Center- Food Distribution Center,,33.9286543,-117.9529469,,osm,,,,food_bank,node/13321349306
9 Million Reasons,,40.7541284,-73.9371589,,osm,,,https://9millionreasons.nyc/,soup_kitchen,node/13325175365
Bishop's Storehouse,,33.6370119,-112.2065132,,osm,,,,food_bank,node/13329491705
Fishes & Loaves Pantry,"2422 West Patapsco Avenue, Baltimore, MD, 21230",39.2527077,-76.6504688,,osm,MD,,https://www.flpbaltimore.org/,food_bank,node/13348079561
Colquitt County Food Bank,"120 3rd Street Northeast, Moultrie, GA, 31768",31.1816834,-83.784862,Mo-Fr 09:00-11:00; Sa[1] 09:00-11:00,osm,GA,,https://colquittfoodbank.org/,food_bank,node/13358721333
Food Pantry of Gilchrist County Inc.,,29.613749,-82.8178385,,osm,,,,food_bank,node/13379089528
Falcon Market,,42.6673332,-73.7824244,,osm,,,https://www.albanyschools.org/schools/albanyhigh/falcon-market,food_bank,node/13381864071
Daily Bread Soup Kitchen,"116 North First Street, Champaign, IL, 61820",40.1168771,-88.23859,Su-Sa 10:30-12:30,osm,IL,+1-217- 607-1418,https://dailybreadsoupkitchen.com/,food_bank,node/13385632256
Greater Grace Food Pantry,,39.3147138,-76.5425053,,osm,,,https://ggwo.org/foodpantry/,food_bank,node/13396270776
Free Store Wilkinsburg,"619 Penn Avenue, 15221",40.4439213,-79.8851068,,osm,,+1-412-436-9836,https://freestorewilkinsburg.org/,food_bank,node/13396839302
Central Pennsylvania Food Bank - Harrisburg Branch,"3908 Corey Road, Harrisburg, PA, 17109",40.2738756,-76.8224105,,osm,PA,,,food_bank,node/13409990586
Back Mountain Food Pantry,,41.3001733,-75.9311174,,osm,,,,food_bank,node/13414578480
Western Fairfax Christian Ministries,5948 Centreville Crest Lane,38.8378387,-77.434097,,osm,,,,food_bank,node/13418250627
Santa Clara Valley Hospice,"217 North 10th Street, Santa Paula, CA, 93060",34.3564759,-119.0609206,,osm,CA,,,food_bank,node/13420659798
Sky Valley Food Bank,,47.8499709,-121.9796075,,osm,,,,food_bank,node/13433519927
Mabton Food Bank,,46.21007,-119.9994724,,osm,,,,food_bank,node/13451205121
DuBois Area Food Pantry,,41.1299608,-78.7573096,,osm,,,,food_bank,node/13456446712
Just Basics Food Pantry,"79 Barre Street, Montpelier, VT, 05602",44.2563822,-72.5741281,"Tu,Th, Sa 10:00-12:00",osm,VT,,https://www.justbasicsvt.org/,food_bank,node/13461479027
Buckeye Food Alliance,,39.9947406,-83.0143387,,osm,,,,food_bank,node/13463216053
"Loaves and Fishes Community Services, Aurora Hub","580 #1200 Exchange Avenue, 60504",41.7680183,-88.2238415,,osm,,,,food_bank,node/13482783101
Care for Real,"5840 North Broadway, Chicago, IL, 60660",41.9881646,-87.6605215,,osm,IL,,https://careforreal.org/,food_bank,node/13500770556
CHIP-IN,,42.1342953,-71.9688365,Sa[3] 09:00-12:00,osm,,+1 508-248-3292,http://charltonfoodpantry.org/,food_bank,node/13503041586
"Banco se Alimentos Puerto Rico, Inc.","Calle 272, Carolina",18.4145987,-65.988102,,osm,,,https://alimentospr.org/,food_bank,node/13505155508
North Hudson Community Action Corporation,"7007 Polk Street, Guttenberg, NJ, 07093",40.7972905,-74.0123915,,osm,NJ,+1-201-210-0333 x22105,https://nhcac.org/services/social-services/emergency-assistance-department/,food_bank,node/13507575448
Wake Relief,"4 North Blount Street, Raleigh, NC, 27601",35.7806725,-78.6361168,Mo-Tu 13:00-15:00; We 10:00-12:00,osm,NC,+19193078748,https://wakerelief.org/,food_bank,node/13507725473
Woodcliff Community Church Food Pantry,"7605 Palisade Avenue, North Bergen, NJ, 07047",40.7991962,-74.0060917,,osm,NJ,+1-201-869-4555,https://www.woodcliff.org,food_bank,node/13511136750
Monthly Food Distribution,,39.2902648,-76.5699018,,osm,,,https://www.breathofgodlc.org/howtohelp,food_bank,node/13522801170
The Market,,48.1108316,-123.3663834,"We-Fr 02:00-18:00,11:00-14:00; Su-Tu off",osm,,,,food_bank,node/13527423834
Wesley Food Pantry,"2400 West Bradley Avenue, Champaign, IL, 61821",40.1326831,-88.2911679,We 13:00-15:00,osm,IL,+1-217-344-1120,https://www.parkland.edu/Main/About-Parkland/Department-Office-Directory/Student-Life/Student-Life-Resources/Wesley-Food-Pantry,food_bank,node/13527471881
Allston-Brighton Food Pantry,"404 Washington Street, Brighton, MA, 02135",42.3488309,-71.1551519,,osm,MA,,https://abfoodpantry.com/,food_bank,node/13530066941
Ginny's Helping Hand,,42.5261038,-71.7573967,,osm,,,,food_bank,node/13537292673
Market to HOPE,3370 Sarah Street,30.0468305,-94.1196825,"Mo,We 09:00-15:00; Tu 07:00-14:00; Th 10:00-18:00; Fr 10:00-14:00; Sa-Su off",osm,,+1-409-924-4435,,food_bank,node/13544497964
Salvation Army Food Pantry,,39.6353254,-78.7523349,"Mo, We, Fr 14:00-16:00",osm,,,https://cumberland.salvationarmypotomac.org/,food_bank,node/13546578862
Warroad Food Pantry,,48.9048506,-95.3193564,,osm,,,,food_bank,node/13551139062
Husky Food Pantry,,47.1181451,-88.5461124,"""By volunteer availability""",osm,,,,food_bank,node/13556248782
Montezuma Food Pantry,"501 North Front Street, Montezuma, IA, 50171-1089",41.5899896,-92.5282195,,osm,IA,+16416233275,,food_bank,node/13575800962
Trinity Pantry,"5448 Broadway Street, Lancaster, NY, 14086",42.9004156,-78.6686034,,osm,NY,+1-716-683-1111,https://trinity-lancaster.org/trinity-pantry/,food_bank,node/13588449250
FPC Food Pantry,"270 Woodbridge Avenue, Metuchen, NJ, 08840",40.5406311,-74.3576817,We-Th 09:00-11:00,osm,NJ,+1-732-491-2325,https://fpcweb.org/food-pantry/,food_bank,node/13588537368
TCV Food Bank + Mobile Pantry,"37350 Joseph Street, Fremont, CA, 94536-4903",37.5558903,-122.0076613,,osm,CA,,,food_bank,node/13594028759
Centerville Free Dining,"4360 Central Avenue, Fremont, CA, 94536",37.5520394,-122.0065222,,osm,CA,,,soup_kitchen,node/13594028760
PRISM,"1220 Zane Avenue North, Golden Valley, MN, 55422",44.9921838,-93.3551102,Mo-We 10:00-16:00; Th 11:00-19:00,osm,MN,+1-763-529-1350,https://prismmpls.org/,food_bank,node/13595403274
Little Free Pantry,"36600 Niles Boulevard, Fremont, CA, 94536",37.5794723,-121.9889309,,osm,CA,,,food_bank,node/13598659954
Tri-City Free Breakfast,"4181 Irvington Avenue, Fremont, CA, 94538",37.53152,-121.9622145,,osm,CA,,,soup_kitchen,node/13598659955
Clarence Community Pantry,"9675 Main Street, Clarence, NY, 14031",42.9722138,-78.6290618,,osm,NY,+1-716-310-5447,https://clarencepresby.org/food-pantry/,food_bank,node/13628640665
Good Samaritan Outreach Center,"5924 West Burnham Street, West Allis, WI, 53214",43.0102923,-87.9870574,We-Th 10:30-12:30,osm,WI,+1-414-541-7668,,food_bank,node/13630155465
Crockett Care Food Bank,,35.7749747,-89.1206831,,osm,,,,food_bank,node/13634390398
Baraboo Food Pantry,,43.4657005,-89.7461588,,osm,,,,food_bank,node/13641585248
Toledo Food Share Pantry,"159 South Main Street, Toledo, OR, 97391",44.6200324,-123.9375214,Th 16:00-18:00,osm,OR,+1-541-961-6532,https://toledofoodpantry.org/,food_bank,node/13656666149
Roadrunner Food Pantry and Community Resource Center,"3831 Singer Boulevard Northeast, Albuquerque, NM, 87109",35.1453729,-106.601429,"Tu-We 10:00-13:00 open ""Call to schedule a shopping appointment (required).""; Th-Fr 10:00-12:00 open ""Call to schedule a shopping appointment (required).""; Sa 10:00-12:00 open ""Drive-through only. Call to schedule a shopping appointment (required).""",osm,NM,+1-505-349-5340,,food_bank,node/13660337863
BTC Food Pantry,,48.7655472,-122.5096846,,osm,,,,food_bank,node/13667508394
Kansas City Community Kitchen,"750 The Paseo, Kansas City, MO",39.104221,-94.5640786,Mo-Fr 12:00-15:00,osm,MO,,,soup_kitchen,node/13670328114
So Others Might Eat Meal Service,"71 O Street Northwest, Washington, DC",38.9088899,-77.0113773,"Mo-Su 07:30-08:30,11:30-12:30",osm,DC,,https://some.org/emergency-services-daily-meal-service/,soup_kitchen,node/13699193970
Spitzer Fulfillment Center,"171 Lexington Avenue, New York, NY, 10016",40.7442091,-73.9811409,,osm,NY,,,food_bank,node/13703645668
The Community Kitchen,"427 Garfield Ave, 80537",40.3961568,-105.0784874,Mo-Fr 17:00-18:30; Sa-Su 15:00-16:30,osm,,,https://www.lovelandcommunitykitchen.org/,soup_kitchen,node/13717242101
Adventist Food Pantry & Home Goods,,40.4017818,-105.0742122,Tu 09:30-12:30,osm,,+1 970-667-1295,https://lovelandsdachurch.org/ministries/,food_bank,node/13717371301
House of Neighborly Service Food Pantry,"1511 East 11th Street, 80537",40.4033562,-105.0567992,Mo-We 09:00-16:00; Th 09:00-18:00,osm,,+1-970-667-4939,https://www.honservice.org/programs/crisis-prevention.html,food_bank,node/13717396601
Vindeket Foods - Free Groceries,"400 Delozier Drive, 80524",40.5825344,-105.0203458,Su 12:00-15:00; Tu 14:00-19:00; Th 09:00-13:00,osm,,+1-970-682-4631,https://www.vindeketfoods.org/,food_bank,node/13717600701
Community Food Bank,,34.405581,-110.5650843,,osm,,,,food_bank,node/13730659022
Second Harvest Food Bank,"1020 Jericho Drive, 37663",36.5103279,-82.4290289,,osm,,,,food_bank,node/13739949001
Meals on Wheels,105 West Eureka Street,40.7205072,-89.2734046,,osm,,,,soup_kitchen,node/13741339698
Wilsonville Community Sharing Food Bank,,45.310565,-122.7773266,,osm,,,https://wilsonvillecommunitysharing.org/,food_bank,node/13751729378
Food Bank of Reno County,"921 East 4th Avenue, Hutchinson",38.0570816,-97.9123791,,osm,,+1-620-665-4076,https://www.foodbankofrenocounty.org/,food_bank,node/13770759347
Lift Up,,40.4995592,-106.8574084,,osm,,,,food_bank,node/13777630002
Newmarket Community Church Food Pantry,,43.0781895,-70.9363298,Th 13:00-18:00,osm,,,,food_bank,node/13778005316
Golden Empire Gleaners,"1326 30th Street, Bakersfield, CA, 93301",35.3878667,-119.0180087,,osm,CA,+1-661-324-2767,,food_bank,node/13784090547
Wilkinson Center,3402 North Buckner Boulevard,32.8048849,-96.680769,,osm,,,https://www.thewilkinsoncenter.org/contact/,food_bank,node/13793614190
Neighbor's Cupboard,"40 Park Drive, Winterport, ME, 04496",44.6357886,-68.8542144,We 09:00-10:00,osm,ME,+1 207-223-4497,,food_bank,node/13815316021
Kamas Valley Food Pantry,"190 East 400 South, Kamas, UT",40.636359,-111.2762582,We 17:00-19:00,osm,UT,,,food_bank,node/13836658962
BareTooth Cupboards Food Bank,,45.199141,-109.2443504,,osm,,,,food_bank,node/13846128664
West Seattle Food Bank,,47.544333,-122.3758593,"Tu,Th,Fr 10:00-14:00; We 12:00-19:00",osm,,+1-206-932-9023,,food_bank,node/13874587171
Good Shepherd Emergency Food Pantry,"317 Wallace Avenue, Frankfort, KY, 40601",38.2028352,-84.8659399,Sa 10:00-12:00,osm,KY,+1-502-227-8037,https://www.stvincentdepaulfrankfort.org/hours,food_bank,node/13891772249
Helena Food Share,,46.5975343,-112.0192276,,osm,,,,food_bank,node/13900340359
St. Anthony of Padua Food Center,,36.5979677,-119.4482107,,osm,,,,food_bank,node/13900470539
Gateway Helping Hand Food Bank,,38.1801445,-83.4358074,,osm,,,,food_bank,node/13910135914
Presbyterian Outreach Center Food Bank,"35 Main Street, Blairstown, NJ, 07825",40.9827662,-74.9616565,Tu-Fr 09:30-13:00,osm,NJ,+19083625254,https://fpcb-nj.org,food_bank,node/13921846128
Flagstaff Family Food Center,3805 East Huntington Drive,35.2136313,-111.5936615,,osm,,,https://hotfood.org,food_bank,node/13936754100
Taunton Area Community Table,378 Bay Street,41.9217214,-71.0975105,,osm,,,,soup_kitchen,node/13937658677
Second Harvest Northland,"2302 Commonwealth Avenue, Duluth, MN, 55808",46.6798808,-92.2255148,Mo-Fr 08:00-16:00,osm,MN,+1-218-727-5653,,food_bank,node/13938459157
Slinger Food Pantry,,43.3304182,-88.2795348,Mo 10:00-12:00; We 15:00-17:00,osm,,,,food_bank,node/13948776064
Bishop's Storehouse,"142 West Medical Drive, Saratoga Springs, UT, 84045",40.3831516,-111.9201238,,osm,UT,,,food_bank,node/13952870804
Navajo Nation Food Distribution,,36.1297289,-111.2362784,,osm,,,,food_bank,node/13960756545
The Potter's Church - Food Distribution Center,"2930 North Blackstone Avenue, Fresno, CA, 93703",36.7773758,-119.7902451,,osm,CA,,,food_bank,node/13972433137
Project Hope Food Bank,,45.6374325,-109.2543729,,osm,,,,food_bank,node/13973301639
Horseheads Food Pantry,"2943 Westinghouse Road, Horseheads, NY, 14845",42.1800021,-76.8352989,Tu 12:00-14:00; Th 12:00-14:00,osm,NY,,,food_bank,node/13978612491
Food Pantry,,46.6546009,-96.4207157,Mo 17:00-19:00,osm,,,,food_bank,node/13979295612
The Salt Mine Food Closet,,38.8930086,-121.2930834,,osm,,,https://thesaltmine.org/,food_bank,node/13983552215
Islamic Center of Fremont Monthly Food Distribution,,37.531423,-121.959838,,osm,,,,food_bank,node/13984262495
VCentials,,28.5206426,-81.4644358,Mo-Th 09:00-15:00,osm,,,,food_bank,node/13996547170
Federal Valley Resource Center Food Pantry,"8225 SR 329, Stewart, OH, 45778",39.3074733,-81.8960512,,osm,OH,,,food_bank,node/14003141008
Philabundance,,40.0431816,-75.2374899,,osm,,,,food_bank,node/14003421718
Family Service,,45.773037,-108.5188303,,osm,,,,food_bank,node/14016091781
Lisle Township Food Pantry,"4711 Indiana Avenue, Lisle, IL, 60532",41.7973517,-88.0957808,,osm,IL,,https://www.lisletownship.com/food-pantry,food_bank,node/14019140563
Corvallis Food Bank,,44.54669,-123.2674129,,osm,,,,food_bank,node/14030328050
Tompkins Distro,"East 7th Street, New York, NY, 10009",40.7252196,-73.9813118,Sa 11:00-12:00,osm,NY,,,food_bank,node/14049465301
Washington Square Park Mutual Aid,,40.7311305,-73.9982393,Fr 17:00-20:00,osm,,,,food_bank,node/14049479401
Onamia Food Pantry,"502 Main Street, Onamia, MN, 56359-4544",46.0707794,-93.6665055,,osm,MN,+13205327665,http://www.mnfoodshare.gmcc.org/,food_bank,node/14051440223
The Blessing Box,,41.5310922,-122.9073175,,osm,,,,food_bank,node/14065534816
Woodbury/Calais Food Shelf,,44.4406882,-72.4160302,,osm,,,,food_bank,node/14066665234
St. Bartholomew Food Pantry Entrance,"2701 Old Greenwood Road, Fort Smith, AR, 72903",35.3572762,-94.3943668,,osm,AR,,,food_bank,node/14077312032
Nelson Garrettsville Community Cupboard,"8233 Park Avenue, Garrettsville, OH, 44231",41.2856551,-81.0929047,,osm,OH,,https://ngccportage.org/,food_bank,node/14086674053
Bread of Life Food Pantry,"21 East Broad Street, Savannah, GA, 31401",32.0782572,-81.0847201,,osm,GA,,,food_bank,node/14088431784
Dedham Food Pantry,600 Washington Street,42.2411925,-71.1781686,,osm,,+1 781 269 1541,https://dedhamfoodpantry.org/,food_bank,node/14088719338
Mutual Aid Monday,,39.7392332,-104.9900906,Mo 16:00-19:00; Tu-Su off,osm,,,https://mutualaidmonday.org/,food_bank,node/14101988987
Little Kitchen Food Shelf,1500 Northeast 6th Street,45.0038216,-93.2592293,,osm,,,,food_bank,node/14129155706
Glade Valley Food Bank,"21 West Frederick Street, Walkersville, MD, 21793",39.4819439,-77.3509152,Mo 18:30-19:30; Th 13:00-15:00,osm,MD,+1-301-845-4229,https://gladevalley.org/food-bank/,food_bank,node/14129412731
